import	KERNEL32.DLL	RaiseException	0xEXTERNAL:00000001
import	KERNEL32.DLL	GetStartupInfoA	0xEXTERNAL:00000002
import	KERNEL32.DLL	GetCommandLineA	0xEXTERNAL:00000003
import	KERNEL32.DLL	ExitProcess	0xEXTERNAL:00000004
import	KERNEL32.DLL	HeapFree	0xEXTERNAL:00000005
import	KERNEL32.DLL	CreateThread	0xEXTERNAL:00000006
import	KERNEL32.DLL	ExitThread	0xEXTERNAL:00000007
import	KERNEL32.DLL	GetTimeZoneInformation	0xEXTERNAL:00000008
import	KERNEL32.DLL	GetSystemTime	0xEXTERNAL:00000009
import	KERNEL32.DLL	GetLocalTime	0xEXTERNAL:0000000a
import	KERNEL32.DLL	GetACP	0xEXTERNAL:0000000b
import	KERNEL32.DLL	TerminateProcess	0xEXTERNAL:0000000c
import	KERNEL32.DLL	RtlUnwind	0xEXTERNAL:0000000d
import	KERNEL32.DLL	HeapAlloc	0xEXTERNAL:0000000e
import	KERNEL32.DLL	HeapReAlloc	0xEXTERNAL:0000000f
import	KERNEL32.DLL	SetHandleCount	0xEXTERNAL:00000010
import	KERNEL32.DLL	GetStdHandle	0xEXTERNAL:00000011
import	KERNEL32.DLL	GetEnvironmentVariableA	0xEXTERNAL:00000012
import	KERNEL32.DLL	GetVersionExA	0xEXTERNAL:00000013
import	KERNEL32.DLL	HeapDestroy	0xEXTERNAL:00000014
import	KERNEL32.DLL	HeapCreate	0xEXTERNAL:00000015
import	KERNEL32.DLL	VirtualFree	0xEXTERNAL:00000016
import	KERNEL32.DLL	VirtualAlloc	0xEXTERNAL:00000017
import	KERNEL32.DLL	IsBadWritePtr	0xEXTERNAL:00000018
import	KERNEL32.DLL	GetFileType	0xEXTERNAL:00000019
import	KERNEL32.DLL	GetDriveTypeA	0xEXTERNAL:0000001a
import	KERNEL32.DLL	UnhandledExceptionFilter	0xEXTERNAL:0000001b
import	KERNEL32.DLL	SetStdHandle	0xEXTERNAL:0000001c
import	KERNEL32.DLL	HeapSize	0xEXTERNAL:0000001d
import	KERNEL32.DLL	SetThreadPriority	0xEXTERNAL:0000001e
import	KERNEL32.DLL	SetErrorMode	0xEXTERNAL:0000001f
import	KERNEL32.DLL	LCMapStringA	0xEXTERNAL:00000020
import	KERNEL32.DLL	LCMapStringW	0xEXTERNAL:00000021
import	KERNEL32.DLL	GetStringTypeA	0xEXTERNAL:00000022
import	KERNEL32.DLL	GetStringTypeW	0xEXTERNAL:00000023
import	KERNEL32.DLL	IsBadReadPtr	0xEXTERNAL:00000024
import	KERNEL32.DLL	IsBadCodePtr	0xEXTERNAL:00000025
import	KERNEL32.DLL	CompareStringA	0xEXTERNAL:00000026
import	KERNEL32.DLL	CompareStringW	0xEXTERNAL:00000027
import	KERNEL32.DLL	SetEnvironmentVariableA	0xEXTERNAL:00000028
import	KERNEL32.DLL	GetDiskFreeSpaceExA	0xEXTERNAL:00000029
import	KERNEL32.DLL	Sleep	0xEXTERNAL:0000002a
import	KERNEL32.DLL	SuspendThread	0xEXTERNAL:0000002b
import	KERNEL32.DLL	WaitForSingleObject	0xEXTERNAL:0000002c
import	KERNEL32.DLL	GetCurrentProcess	0xEXTERNAL:0000002d
import	KERNEL32.DLL	DuplicateHandle	0xEXTERNAL:0000002e
import	KERNEL32.DLL	ResumeThread	0xEXTERNAL:0000002f
import	KERNEL32.DLL	CreateFileA	0xEXTERNAL:00000030
import	KERNEL32.DLL	SetFileTime	0xEXTERNAL:00000031
import	KERNEL32.DLL	CloseHandle	0xEXTERNAL:00000032
import	KERNEL32.DLL	SetFileAttributesA	0xEXTERNAL:00000033
import	KERNEL32.DLL	DosDateTimeToFileTime	0xEXTERNAL:00000034
import	KERNEL32.DLL	SizeofResource	0xEXTERNAL:00000035
import	KERNEL32.DLL	GetCurrentDirectoryA	0xEXTERNAL:00000036
import	KERNEL32.DLL	GetProcessVersion	0xEXTERNAL:00000037
import	KERNEL32.DLL	GetOEMCP	0xEXTERNAL:00000038
import	KERNEL32.DLL	GetCPInfo	0xEXTERNAL:00000039
import	KERNEL32.DLL	LocalReAlloc	0xEXTERNAL:0000003a
import	KERNEL32.DLL	GlobalFlags	0xEXTERNAL:0000003b
import	KERNEL32.DLL	TlsGetValue	0xEXTERNAL:0000003c
import	KERNEL32.DLL	LeaveCriticalSection	0xEXTERNAL:0000003d
import	KERNEL32.DLL	TlsSetValue	0xEXTERNAL:0000003e
import	KERNEL32.DLL	EnterCriticalSection	0xEXTERNAL:0000003f
import	KERNEL32.DLL	DeleteCriticalSection	0xEXTERNAL:00000040
import	KERNEL32.DLL	TlsFree	0xEXTERNAL:00000041
import	KERNEL32.DLL	GlobalHandle	0xEXTERNAL:00000042
import	KERNEL32.DLL	LocalAlloc	0xEXTERNAL:00000043
import	KERNEL32.DLL	TlsAlloc	0xEXTERNAL:00000044
import	KERNEL32.DLL	InitializeCriticalSection	0xEXTERNAL:00000045
import	KERNEL32.DLL	GetFileTime	0xEXTERNAL:00000046
import	KERNEL32.DLL	SystemTimeToFileTime	0xEXTERNAL:00000047
import	KERNEL32.DLL	LocalFileTimeToFileTime	0xEXTERNAL:00000048
import	KERNEL32.DLL	LocalFree	0xEXTERNAL:00000049
import	KERNEL32.DLL	GetFileSize	0xEXTERNAL:0000004a
import	KERNEL32.DLL	FormatMessageA	0xEXTERNAL:0000004b
import	KERNEL32.DLL	lstrcmpA	0xEXTERNAL:0000004c
import	KERNEL32.DLL	GetCurrentThread	0xEXTERNAL:0000004d
import	KERNEL32.DLL	GetFullPathNameA	0xEXTERNAL:0000004e
import	KERNEL32.DLL	FindClose	0xEXTERNAL:0000004f
import	KERNEL32.DLL	GetVolumeInformationA	0xEXTERNAL:00000050
import	KERNEL32.DLL	FindFirstFileA	0xEXTERNAL:00000051
import	KERNEL32.DLL	UnlockFile	0xEXTERNAL:00000052
import	KERNEL32.DLL	MoveFileA	0xEXTERNAL:00000053
import	KERNEL32.DLL	SetEndOfFile	0xEXTERNAL:00000054
import	KERNEL32.DLL	SetFilePointer	0xEXTERNAL:00000055
import	KERNEL32.DLL	LockFile	0xEXTERNAL:00000056
import	KERNEL32.DLL	FlushFileBuffers	0xEXTERNAL:00000057
import	KERNEL32.DLL	lstrcpynA	0xEXTERNAL:00000058
import	KERNEL32.DLL	WriteFile	0xEXTERNAL:00000059
import	KERNEL32.DLL	ReadFile	0xEXTERNAL:0000005a
import	KERNEL32.DLL	CreateEventA	0xEXTERNAL:0000005b
import	KERNEL32.DLL	FileTimeToLocalFileTime	0xEXTERNAL:0000005c
import	KERNEL32.DLL	FileTimeToSystemTime	0xEXTERNAL:0000005d
import	KERNEL32.DLL	FreeEnvironmentStringsA	0xEXTERNAL:0000005e
import	KERNEL32.DLL	SetLastError	0xEXTERNAL:0000005f
import	KERNEL32.DLL	SetEvent	0xEXTERNAL:00000060
import	KERNEL32.DLL	GetTempPathA	0xEXTERNAL:00000061
import	KERNEL32.DLL	InterlockedExchange	0xEXTERNAL:00000062
import	KERNEL32.DLL	lstrlenA	0xEXTERNAL:00000063
import	KERNEL32.DLL	MultiByteToWideChar	0xEXTERNAL:00000064
import	KERNEL32.DLL	WideCharToMultiByte	0xEXTERNAL:00000065
import	KERNEL32.DLL	LoadLibraryA	0xEXTERNAL:00000066
import	KERNEL32.DLL	InterlockedDecrement	0xEXTERNAL:00000067
import	KERNEL32.DLL	InterlockedIncrement	0xEXTERNAL:00000068
import	KERNEL32.DLL	lstrcatA	0xEXTERNAL:00000069
import	KERNEL32.DLL	FreeLibrary	0xEXTERNAL:0000006a
import	KERNEL32.DLL	GetVersion	0xEXTERNAL:0000006b
import	KERNEL32.DLL	lstrcmpiA	0xEXTERNAL:0000006c
import	KERNEL32.DLL	GetCurrentThreadId	0xEXTERNAL:0000006d
import	KERNEL32.DLL	GlobalGetAtomNameA	0xEXTERNAL:0000006e
import	KERNEL32.DLL	GlobalDeleteAtom	0xEXTERNAL:0000006f
import	KERNEL32.DLL	GlobalAddAtomA	0xEXTERNAL:00000070
import	KERNEL32.DLL	GlobalFindAtomA	0xEXTERNAL:00000071
import	KERNEL32.DLL	GetFileAttributesA	0xEXTERNAL:00000072
import	KERNEL32.DLL	GetModuleHandleA	0xEXTERNAL:00000073
import	KERNEL32.DLL	GetProcAddress	0xEXTERNAL:00000074
import	KERNEL32.DLL	FreeEnvironmentStringsW	0xEXTERNAL:00000075
import	KERNEL32.DLL	WritePrivateProfileStringA	0xEXTERNAL:00000076
import	KERNEL32.DLL	CreateProcessA	0xEXTERNAL:00000077
import	KERNEL32.DLL	lstrcpyA	0xEXTERNAL:00000078
import	KERNEL32.DLL	GetPrivateProfileSectionNamesA	0xEXTERNAL:00000079
import	KERNEL32.DLL	CreateMutexA	0xEXTERNAL:0000007a
import	KERNEL32.DLL	GetPrivateProfileStringA	0xEXTERNAL:0000007b
import	KERNEL32.DLL	GetPrivateProfileIntA	0xEXTERNAL:0000007c
import	KERNEL32.DLL	DeleteFileA	0xEXTERNAL:0000007d
import	KERNEL32.DLL	GetLastError	0xEXTERNAL:0000007e
import	KERNEL32.DLL	GetModuleFileNameA	0xEXTERNAL:0000007f
import	KERNEL32.DLL	LoadResource	0xEXTERNAL:00000080
import	KERNEL32.DLL	MulDiv	0xEXTERNAL:00000081
import	KERNEL32.DLL	FindResourceA	0xEXTERNAL:00000082
import	KERNEL32.DLL	LockResource	0xEXTERNAL:00000083
import	KERNEL32.DLL	GlobalReAlloc	0xEXTERNAL:00000084
import	KERNEL32.DLL	GlobalLock	0xEXTERNAL:00000085
import	KERNEL32.DLL	GlobalAlloc	0xEXTERNAL:00000086
import	KERNEL32.DLL	GlobalFree	0xEXTERNAL:00000087
import	KERNEL32.DLL	GetEnvironmentStrings	0xEXTERNAL:00000088
import	KERNEL32.DLL	GlobalUnlock	0xEXTERNAL:00000089
import	KERNEL32.DLL	GetEnvironmentStringsW	0xEXTERNAL:0000008a
import	KERNEL32.DLL	SetUnhandledExceptionFilter	0xEXTERNAL:0000008b
import	KERNEL32.DLL	CreateDirectoryA	0xEXTERNAL:0000008c
import	KERNEL32.DLL	RemoveDirectoryA	0xEXTERNAL:0000008d
import	KERNEL32.DLL	FindNextFileA	0xEXTERNAL:0000008e
import	KERNEL32.DLL	GetProfileStringA	0xEXTERNAL:0000008f
import	KERNEL32.DLL	TerminateThread	0xEXTERNAL:00000090
import	USER32.DLL	ClientToScreen	0xEXTERNAL:00000091
import	USER32.DLL	BeginPaint	0xEXTERNAL:00000092
import	USER32.DLL	EndPaint	0xEXTERNAL:00000093
import	USER32.DLL	TabbedTextOutA	0xEXTERNAL:00000094
import	USER32.DLL	GetWindowDC	0xEXTERNAL:00000095
import	USER32.DLL	DrawTextA	0xEXTERNAL:00000096
import	USER32.DLL	GetCursorPos	0xEXTERNAL:00000097
import	USER32.DLL	ValidateRect	0xEXTERNAL:00000098
import	USER32.DLL	GetActiveWindow	0xEXTERNAL:00000099
import	USER32.DLL	TranslateMessage	0xEXTERNAL:0000009a
import	USER32.DLL	GetMessageA	0xEXTERNAL:0000009b
import	USER32.DLL	CharUpperA	0xEXTERNAL:0000009c
import	USER32.DLL	InflateRect	0xEXTERNAL:0000009d
import	USER32.DLL	GrayStringA	0xEXTERNAL:0000009e
import	USER32.DLL	PostQuitMessage	0xEXTERNAL:0000009f
import	USER32.DLL	SetCursor	0xEXTERNAL:000000a0
import	USER32.DLL	CreateDialogIndirectParamA	0xEXTERNAL:000000a1
import	USER32.DLL	EndDialog	0xEXTERNAL:000000a2
import	USER32.DLL	LoadStringA	0xEXTERNAL:000000a3
import	USER32.DLL	GetClassNameA	0xEXTERNAL:000000a4
import	USER32.DLL	PtInRect	0xEXTERNAL:000000a5
import	USER32.DLL	GetSysColorBrush	0xEXTERNAL:000000a6
import	USER32.DLL	DestroyMenu	0xEXTERNAL:000000a7
import	USER32.DLL	ShowWindow	0xEXTERNAL:000000a8
import	USER32.DLL	MoveWindow	0xEXTERNAL:000000a9
import	USER32.DLL	SetWindowTextA	0xEXTERNAL:000000aa
import	USER32.DLL	IsDialogMessageA	0xEXTERNAL:000000ab
import	USER32.DLL	UpdateWindow	0xEXTERNAL:000000ac
import	USER32.DLL	SendDlgItemMessageA	0xEXTERNAL:000000ad
import	USER32.DLL	MapWindowPoints	0xEXTERNAL:000000ae
import	USER32.DLL	PeekMessageA	0xEXTERNAL:000000af
import	USER32.DLL	DispatchMessageA	0xEXTERNAL:000000b0
import	USER32.DLL	GetFocus	0xEXTERNAL:000000b1
import	USER32.DLL	SetActiveWindow	0xEXTERNAL:000000b2
import	USER32.DLL	IsWindow	0xEXTERNAL:000000b3
import	USER32.DLL	SetFocus	0xEXTERNAL:000000b4
import	USER32.DLL	ScreenToClient	0xEXTERNAL:000000b5
import	USER32.DLL	GetMenuState	0xEXTERNAL:000000b6
import	USER32.DLL	LoadBitmapA	0xEXTERNAL:000000b7
import	USER32.DLL	GetMenuCheckMarkDimensions	0xEXTERNAL:000000b8
import	USER32.DLL	GetTopWindow	0xEXTERNAL:000000b9
import	USER32.DLL	MessageBoxA	0xEXTERNAL:000000ba
import	USER32.DLL	GetCapture	0xEXTERNAL:000000bb
import	USER32.DLL	WinHelpA	0xEXTERNAL:000000bc
import	USER32.DLL	GetClassInfoA	0xEXTERNAL:000000bd
import	USER32.DLL	RegisterClassA	0xEXTERNAL:000000be
import	USER32.DLL	GetSubMenu	0xEXTERNAL:000000bf
import	USER32.DLL	GetMenuItemID	0xEXTERNAL:000000c0
import	USER32.DLL	GetDlgItem	0xEXTERNAL:000000c1
import	USER32.DLL	GetWindowTextLengthA	0xEXTERNAL:000000c2
import	USER32.DLL	GetWindowTextA	0xEXTERNAL:000000c3
import	USER32.DLL	GetDlgCtrlID	0xEXTERNAL:000000c4
import	USER32.DLL	GetKeyState	0xEXTERNAL:000000c5
import	USER32.DLL	DefWindowProcA	0xEXTERNAL:000000c6
import	USER32.DLL	DestroyWindow	0xEXTERNAL:000000c7
import	USER32.DLL	CreateWindowExA	0xEXTERNAL:000000c8
import	USER32.DLL	SetWindowsHookExA	0xEXTERNAL:000000c9
import	USER32.DLL	CallNextHookEx	0xEXTERNAL:000000ca
import	USER32.DLL	GetClassLongA	0xEXTERNAL:000000cb
import	USER32.DLL	SetPropA	0xEXTERNAL:000000cc
import	USER32.DLL	UnhookWindowsHookEx	0xEXTERNAL:000000cd
import	USER32.DLL	GetPropA	0xEXTERNAL:000000ce
import	USER32.DLL	CallWindowProcA	0xEXTERNAL:000000cf
import	USER32.DLL	RemovePropA	0xEXTERNAL:000000d0
import	USER32.DLL	GetMessageTime	0xEXTERNAL:000000d1
import	USER32.DLL	GetMessagePos	0xEXTERNAL:000000d2
import	USER32.DLL	GetLastActivePopup	0xEXTERNAL:000000d3
import	USER32.DLL	GetForegroundWindow	0xEXTERNAL:000000d4
import	USER32.DLL	GetWindow	0xEXTERNAL:000000d5
import	USER32.DLL	GetWindowLongA	0xEXTERNAL:000000d6
import	USER32.DLL	SetWindowLongA	0xEXTERNAL:000000d7
import	USER32.DLL	SetWindowPos	0xEXTERNAL:000000d8
import	USER32.DLL	RegisterWindowMessageA	0xEXTERNAL:000000d9
import	USER32.DLL	IntersectRect	0xEXTERNAL:000000da
import	USER32.DLL	SystemParametersInfoA	0xEXTERNAL:000000db
import	USER32.DLL	GetWindowPlacement	0xEXTERNAL:000000dc
import	USER32.DLL	GetWindowRect	0xEXTERNAL:000000dd
import	USER32.DLL	IsIconic	0xEXTERNAL:000000de
import	USER32.DLL	DrawIcon	0xEXTERNAL:000000df
import	USER32.DLL	KillTimer	0xEXTERNAL:000000e0
import	USER32.DLL	LoadIconA	0xEXTERNAL:000000e1
import	USER32.DLL	GetSystemMetrics	0xEXTERNAL:000000e2
import	USER32.DLL	GetDialogBaseUnits	0xEXTERNAL:000000e3
import	USER32.DLL	SetTimer	0xEXTERNAL:000000e4
import	USER32.DLL	DestroyIcon	0xEXTERNAL:000000e5
import	USER32.DLL	FindWindowA	0xEXTERNAL:000000e6
import	USER32.DLL	SetForegroundWindow	0xEXTERNAL:000000e7
import	USER32.DLL	FillRect	0xEXTERNAL:000000e8
import	USER32.DLL	LoadCursorA	0xEXTERNAL:000000e9
import	USER32.DLL	GetClientRect	0xEXTERNAL:000000ea
import	USER32.DLL	ModifyMenuA	0xEXTERNAL:000000eb
import	USER32.DLL	SetMenuItemBitmaps	0xEXTERNAL:000000ec
import	USER32.DLL	GetDC	0xEXTERNAL:000000ed
import	USER32.DLL	CheckMenuItem	0xEXTERNAL:000000ee
import	USER32.DLL	EnableMenuItem	0xEXTERNAL:000000ef
import	USER32.DLL	GetNextDlgTabItem	0xEXTERNAL:000000f0
import	USER32.DLL	ReleaseDC	0xEXTERNAL:000000f1
import	USER32.DLL	PostMessageA	0xEXTERNAL:000000f2
import	USER32.DLL	wsprintfA	0xEXTERNAL:000000f3
import	USER32.DLL	EnableWindow	0xEXTERNAL:000000f4
import	USER32.DLL	GetParent	0xEXTERNAL:000000f5
import	USER32.DLL	GetAsyncKeyState	0xEXTERNAL:000000f6
import	USER32.DLL	SendMessageA	0xEXTERNAL:000000f7
import	USER32.DLL	SetRect	0xEXTERNAL:000000f8
import	USER32.DLL	OffsetRect	0xEXTERNAL:000000f9
import	USER32.DLL	IsWindowEnabled	0xEXTERNAL:000000fa
import	USER32.DLL	IsWindowVisible	0xEXTERNAL:000000fb
import	USER32.DLL	InvalidateRect	0xEXTERNAL:000000fc
import	USER32.DLL	CopyRect	0xEXTERNAL:000000fd
import	USER32.DLL	GetSysColor	0xEXTERNAL:000000fe
import	USER32.DLL	GetMenuItemCount	0xEXTERNAL:000000ff
import	USER32.DLL	GetMenu	0xEXTERNAL:00000100
import	USER32.DLL	AdjustWindowRectEx	0xEXTERNAL:00000101
import	USER32.DLL	ShowCaret	0xEXTERNAL:00000102
import	USER32.DLL	DefDlgProcA	0xEXTERNAL:00000103
import	USER32.DLL	UnregisterClassA	0xEXTERNAL:00000104
import	USER32.DLL	HideCaret	0xEXTERNAL:00000105
import	USER32.DLL	ExcludeUpdateRgn	0xEXTERNAL:00000106
import	USER32.DLL	IsWindowUnicode	0xEXTERNAL:00000107
import	USER32.DLL	CharNextA	0xEXTERNAL:00000108
import	USER32.DLL	DrawFocusRect	0xEXTERNAL:00000109
import	GDI32.DLL	GetTextMetricsA	0xEXTERNAL:0000010a
import	GDI32.DLL	SelectPalette	0xEXTERNAL:0000010b
import	GDI32.DLL	RealizePalette	0xEXTERNAL:0000010c
import	GDI32.DLL	CreatePalette	0xEXTERNAL:0000010d
import	GDI32.DLL	CreateCompatibleBitmap	0xEXTERNAL:0000010e
import	GDI32.DLL	GetObjectA	0xEXTERNAL:0000010f
import	GDI32.DLL	CreateCompatibleDC	0xEXTERNAL:00000110
import	GDI32.DLL	BitBlt	0xEXTERNAL:00000111
import	GDI32.DLL	CreateDIBitmap	0xEXTERNAL:00000112
import	GDI32.DLL	GetTextExtentPoint32A	0xEXTERNAL:00000113
import	GDI32.DLL	CreateFontA	0xEXTERNAL:00000114
import	GDI32.DLL	GetClipBox	0xEXTERNAL:00000115
import	GDI32.DLL	CreateSolidBrush	0xEXTERNAL:00000116
import	GDI32.DLL	CreateBitmap	0xEXTERNAL:00000117
import	GDI32.DLL	DeleteDC	0xEXTERNAL:00000118
import	GDI32.DLL	SetBkColor	0xEXTERNAL:00000119
import	GDI32.DLL	SaveDC	0xEXTERNAL:0000011a
import	GDI32.DLL	RestoreDC	0xEXTERNAL:0000011b
import	GDI32.DLL	GetStockObject	0xEXTERNAL:0000011c
import	GDI32.DLL	SetBkMode	0xEXTERNAL:0000011d
import	GDI32.DLL	SelectObject	0xEXTERNAL:0000011e
import	GDI32.DLL	SetMapMode	0xEXTERNAL:0000011f
import	GDI32.DLL	OffsetViewportOrgEx	0xEXTERNAL:00000120
import	GDI32.DLL	SetViewportExtEx	0xEXTERNAL:00000121
import	GDI32.DLL	SetViewportOrgEx	0xEXTERNAL:00000122
import	GDI32.DLL	ScaleViewportExtEx	0xEXTERNAL:00000123
import	GDI32.DLL	ScaleWindowExtEx	0xEXTERNAL:00000124
import	GDI32.DLL	SetWindowExtEx	0xEXTERNAL:00000125
import	GDI32.DLL	IntersectClipRect	0xEXTERNAL:00000126
import	GDI32.DLL	LineTo	0xEXTERNAL:00000127
import	GDI32.DLL	SetTextAlign	0xEXTERNAL:00000128
import	GDI32.DLL	MoveToEx	0xEXTERNAL:00000129
import	GDI32.DLL	DeleteObject	0xEXTERNAL:0000012a
import	GDI32.DLL	GetDeviceCaps	0xEXTERNAL:0000012b
import	GDI32.DLL	CreatePen	0xEXTERNAL:0000012c
import	GDI32.DLL	RectVisible	0xEXTERNAL:0000012d
import	GDI32.DLL	TextOutA	0xEXTERNAL:0000012e
import	GDI32.DLL	PtVisible	0xEXTERNAL:0000012f
import	GDI32.DLL	Escape	0xEXTERNAL:00000130
import	GDI32.DLL	ExtTextOutA	0xEXTERNAL:00000131
import	GDI32.DLL	PatBlt	0xEXTERNAL:00000132
import	GDI32.DLL	GetTextExtentPointA	0xEXTERNAL:00000133
import	GDI32.DLL	SetTextColor	0xEXTERNAL:00000134
import	COMDLG32.DLL	GetFileTitleA	0xEXTERNAL:00000135
import	WINSPOOL.DRV	OpenPrinterA	0xEXTERNAL:00000136
import	WINSPOOL.DRV	ClosePrinter	0xEXTERNAL:00000137
import	WINSPOOL.DRV	DocumentPropertiesA	0xEXTERNAL:00000138
import	ADVAPI32.DLL	RegSetValueExA	0xEXTERNAL:00000139
import	ADVAPI32.DLL	RegQueryValueExA	0xEXTERNAL:0000013a
import	ADVAPI32.DLL	RegCloseKey	0xEXTERNAL:0000013b
import	ADVAPI32.DLL	RegCreateKeyExA	0xEXTERNAL:0000013c
import	ADVAPI32.DLL	RegOpenKeyExA	0xEXTERNAL:0000013d
import	SHELL32.DLL	SHGetFileInfoA	0xEXTERNAL:0000013e
import	COMCTL32.DLL	_TrackMouseEvent	0xEXTERNAL:0000013f
import	COMCTL32.DLL	InitCommonControls	0xEXTERNAL:00000140
import	OLE32.DLL	CoUninitialize	0xEXTERNAL:00000141
import	OLE32.DLL	CoInitialize	0xEXTERNAL:00000142
import	WSOCK32.DLL	htons	0xEXTERNAL:00000143
import	WSOCK32.DLL	ntohs	0xEXTERNAL:00000144
import	WSOCK32.DLL	htonl	0xEXTERNAL:00000145
import	WSOCK32.DLL	closesocket	0xEXTERNAL:00000146
import	WSOCK32.DLL	ioctlsocket	0xEXTERNAL:00000147
import	WSOCK32.DLL	ntohl	0xEXTERNAL:00000148
import	WSOCK32.DLL	getsockopt	0xEXTERNAL:00000149
import	WSOCK32.DLL	setsockopt	0xEXTERNAL:0000014a
import	WSOCK32.DLL	socket	0xEXTERNAL:0000014b
import	WSOCK32.DLL	WSAGetLastError	0xEXTERNAL:0000014c
import	WSOCK32.DLL	shutdown	0xEXTERNAL:0000014d
import	WSOCK32.DLL	listen	0xEXTERNAL:0000014e
import	WSOCK32.DLL	bind	0xEXTERNAL:0000014f
import	WSOCK32.DLL	accept	0xEXTERNAL:00000150
import	WSOCK32.DLL	recv	0xEXTERNAL:00000151
import	WSOCK32.DLL	send	0xEXTERNAL:00000152
import	WSOCK32.DLL	inet_addr	0xEXTERNAL:00000153
import	WSOCK32.DLL	WSACleanup	0xEXTERNAL:00000154
import	WSOCK32.DLL	WSAStartup	0xEXTERNAL:00000155
import	WSOCK32.DLL	gethostbyname	0xEXTERNAL:00000156
import	WSOCK32.DLL	connect	0xEXTERNAL:00000157
import	WINMM.DLL	timeEndPeriod	0xEXTERNAL:00000158
import	WINMM.DLL	timeGetDevCaps	0xEXTERNAL:00000159
import	WINMM.DLL	timeGetTime	0xEXTERNAL:0000015a
import	WINMM.DLL	timeBeginPeriod	0xEXTERNAL:0000015b
symbol	switchD	0x00401ec9
symbol	caseD_0	0x00401ed0
symbol	caseD_1	0x00401ede
symbol	caseD_2	0x00401eec
symbol	caseD_3	0x00401efa
symbol	caseD_4	0x00401f08
symbol	caseD_5	0x00401f16
symbol	default	0x00401f24
symbol	switchdataD_00401f28	0x00401f28
symbol	switchD	0x00402756
symbol	caseD_0	0x0040275d
symbol	caseD_8	0x0040275d
symbol	caseD_9	0x0040275d
symbol	caseD_a	0x0040275d
symbol	caseD_3	0x0040276c
symbol	caseD_1	0x00402777
symbol	caseD_2	0x00402777
symbol	caseD_4	0x00402777
symbol	caseD_5	0x00402777
symbol	caseD_6	0x00402777
symbol	caseD_7	0x00402777
symbol	switchdataD_00402788	0x00402788
symbol	switchdataD_00402794	0x00402794
symbol	Catch@004028ae	0x004028ae
symbol	Catch@00403059	0x00403059
symbol	Catch@0040353a	0x0040353a
symbol	Catch@004046d5	0x004046d5
symbol	switchD	0x00407010
symbol	caseD_4	0x00407017
symbol	caseD_5	0x0040701e
symbol	caseD_6	0x00407025
symbol	caseD_7	0x0040702c
symbol	caseD_8	0x00407033
symbol	default	0x0040703a
symbol	switchdataD_00407134	0x00407134
symbol	Catch@004074b4	0x004074b4
symbol	xMonitorFromWindow	0x004079fe
symbol	_xMonitorFromWindow@8	0x004079fe
symbol	GetOwner	0x00407afc
symbol	?GetOwner@CWnd@@QBEPAV1@XZ	0x00407afc
symbol	Catch@00408033	0x00408033
symbol	__global_unwind2	0x004083a4
symbol	__local_unwind2	0x004083e6
symbol	__abnormal_termination	0x0040844e
symbol	__NLG_Notify1	0x00408471
symbol	_malloc	0x00408a5e
symbol	__nh_malloc	0x00408a70
symbol	__CxxThrowException@8	0x00409542
symbol	__ftol	0x004095cc
symbol	__fclose_lk	0x0040966b
symbol	entry	0x00409a2e
symbol	__amsg_exit	0x00409b36
symbol	_memset	0x00409b80
symbol	_memcmp	0x00409c00
symbol	switchD	0x00409ce5
symbol	default	0x00409cf8
symbol	switchD	0x00409cfd
symbol	switchD	0x00409d04
symbol	switchD	0x00409d0c
symbol	switchdataD_00409d14	0x00409d14
symbol	caseD_1	0x00409d20
symbol	switchD	0x00409d42
symbol	caseD_2	0x00409d4c
symbol	switchD	0x00409d68
symbol	caseD_3	0x00409d70
symbol	switchD	0x00409d82
symbol	switchdataD_00409d8c	0x00409d8c
symbol	caseD_7	0x00409dac
symbol	caseD_6	0x00409db4
symbol	caseD_5	0x00409dbc
symbol	caseD_4	0x00409dc4
symbol	caseD_3	0x00409dcc
symbol	caseD_2	0x00409dd4
symbol	caseD_1	0x00409ddc
symbol	caseD_0	0x00409def
symbol	switchD	0x00409def
symbol	switchdataD_00409df8	0x00409df8
symbol	caseD_0	0x00409e08
symbol	caseD_0	0x00409e08
symbol	caseD_0	0x00409e08
symbol	caseD_0	0x00409e08
symbol	caseD_0	0x00409e08
symbol	caseD_0	0x00409e08
symbol	caseD_1	0x00409e10
symbol	caseD_1	0x00409e10
symbol	caseD_1	0x00409e10
symbol	caseD_1	0x00409e10
symbol	caseD_1	0x00409e10
symbol	caseD_1	0x00409e10
symbol	caseD_2	0x00409e1c
symbol	caseD_2	0x00409e1c
symbol	caseD_2	0x00409e1c
symbol	caseD_2	0x00409e1c
symbol	caseD_2	0x00409e1c
symbol	caseD_2	0x00409e1c
symbol	caseD_3	0x00409e30
symbol	caseD_3	0x00409e30
symbol	caseD_3	0x00409e30
symbol	caseD_3	0x00409e30
symbol	caseD_3	0x00409e30
symbol	caseD_3	0x00409e30
symbol	switchD	0x00409e67
symbol	switchD	0x00409e72
symbol	default	0x00409e88
symbol	switchD	0x00409e8d
symbol	switchD	0x00409e94
symbol	switchdataD_00409e9c	0x00409e9c
symbol	caseD_1	0x00409ea8
symbol	switchD	0x00409ebe
symbol	caseD_2	0x00409ec8
symbol	switchD	0x00409ee8
symbol	caseD_3	0x00409ef0
symbol	switchD	0x00409f1a
symbol	switchdataD_00409f24	0x00409f24
symbol	caseD_7	0x00409f44
symbol	caseD_6	0x00409f4c
symbol	caseD_5	0x00409f54
symbol	caseD_4	0x00409f5c
symbol	caseD_3	0x00409f64
symbol	caseD_2	0x00409f6c
symbol	caseD_1	0x00409f74
symbol	caseD_0	0x00409f87
symbol	switchD	0x00409f87
symbol	switchdataD_00409f90	0x00409f90
symbol	caseD_0	0x00409fa0
symbol	caseD_0	0x00409fa0
symbol	caseD_0	0x00409fa0
symbol	caseD_0	0x00409fa0
symbol	caseD_0	0x00409fa0
symbol	caseD_0	0x00409fa0
symbol	caseD_1	0x00409fa8
symbol	caseD_1	0x00409fa8
symbol	caseD_1	0x00409fa8
symbol	caseD_1	0x00409fa8
symbol	caseD_1	0x00409fa8
symbol	caseD_1	0x00409fa8
symbol	caseD_2	0x00409fb8
symbol	caseD_2	0x00409fb8
symbol	caseD_2	0x00409fb8
symbol	caseD_2	0x00409fb8
symbol	caseD_2	0x00409fb8
symbol	caseD_2	0x00409fb8
symbol	caseD_3	0x00409fcc
symbol	caseD_3	0x00409fcc
symbol	caseD_3	0x00409fcc
symbol	caseD_3	0x00409fcc
symbol	caseD_3	0x00409fcc
symbol	caseD_3	0x00409fcc
symbol	__exit	0x0040b4ef
symbol	switchD	0x0040b6b5
symbol	default	0x0040b6c8
symbol	switchD	0x0040b6cd
symbol	switchD	0x0040b6d4
symbol	switchD	0x0040b6dc
symbol	switchdataD_0040b6e4	0x0040b6e4
symbol	caseD_1	0x0040b6f0
symbol	switchD	0x0040b712
symbol	caseD_2	0x0040b71c
symbol	switchD	0x0040b738
symbol	caseD_3	0x0040b740
symbol	switchD	0x0040b752
symbol	switchdataD_0040b75c	0x0040b75c
symbol	caseD_7	0x0040b77c
symbol	caseD_6	0x0040b784
symbol	caseD_5	0x0040b78c
symbol	caseD_4	0x0040b794
symbol	caseD_3	0x0040b79c
symbol	caseD_2	0x0040b7a4
symbol	caseD_1	0x0040b7ac
symbol	caseD_0	0x0040b7bf
symbol	switchD	0x0040b7bf
symbol	switchdataD_0040b7c8	0x0040b7c8
symbol	caseD_0	0x0040b7d8
symbol	caseD_0	0x0040b7d8
symbol	caseD_0	0x0040b7d8
symbol	caseD_0	0x0040b7d8
symbol	caseD_0	0x0040b7d8
symbol	caseD_0	0x0040b7d8
symbol	caseD_1	0x0040b7e0
symbol	caseD_1	0x0040b7e0
symbol	caseD_1	0x0040b7e0
symbol	caseD_1	0x0040b7e0
symbol	caseD_1	0x0040b7e0
symbol	caseD_1	0x0040b7e0
symbol	caseD_2	0x0040b7ec
symbol	caseD_2	0x0040b7ec
symbol	caseD_2	0x0040b7ec
symbol	caseD_2	0x0040b7ec
symbol	caseD_2	0x0040b7ec
symbol	caseD_2	0x0040b7ec
symbol	caseD_3	0x0040b800
symbol	caseD_3	0x0040b800
symbol	caseD_3	0x0040b800
symbol	caseD_3	0x0040b800
symbol	caseD_3	0x0040b800
symbol	caseD_3	0x0040b800
symbol	switchD	0x0040b837
symbol	switchD	0x0040b842
symbol	default	0x0040b858
symbol	switchD	0x0040b85d
symbol	switchD	0x0040b864
symbol	switchdataD_0040b86c	0x0040b86c
symbol	caseD_1	0x0040b878
symbol	switchD	0x0040b88e
symbol	caseD_2	0x0040b898
symbol	switchD	0x0040b8b8
symbol	caseD_3	0x0040b8c0
symbol	switchD	0x0040b8ea
symbol	switchdataD_0040b8f4	0x0040b8f4
symbol	caseD_7	0x0040b914
symbol	caseD_6	0x0040b91c
symbol	caseD_5	0x0040b924
symbol	caseD_4	0x0040b92c
symbol	caseD_3	0x0040b934
symbol	caseD_2	0x0040b93c
symbol	caseD_1	0x0040b944
symbol	caseD_0	0x0040b957
symbol	switchD	0x0040b957
symbol	switchdataD_0040b960	0x0040b960
symbol	caseD_0	0x0040b970
symbol	caseD_0	0x0040b970
symbol	caseD_0	0x0040b970
symbol	caseD_0	0x0040b970
symbol	caseD_0	0x0040b970
symbol	caseD_0	0x0040b970
symbol	caseD_1	0x0040b978
symbol	caseD_1	0x0040b978
symbol	caseD_1	0x0040b978
symbol	caseD_1	0x0040b978
symbol	caseD_1	0x0040b978
symbol	caseD_1	0x0040b978
symbol	caseD_2	0x0040b988
symbol	caseD_2	0x0040b988
symbol	caseD_2	0x0040b988
symbol	caseD_2	0x0040b988
symbol	caseD_2	0x0040b988
symbol	caseD_2	0x0040b988
symbol	caseD_3	0x0040b99c
symbol	caseD_3	0x0040b99c
symbol	caseD_3	0x0040b99c
symbol	caseD_3	0x0040b99c
symbol	caseD_3	0x0040b99c
symbol	caseD_3	0x0040b99c
symbol	_strlen	0x0040bb10
symbol	__CallSettingFrame@12	0x0040cf30
symbol	_strcmp	0x0040edd0
symbol	switchD	0x0040f1ca
symbol	caseD_1	0x0040f1d1
symbol	caseD_2	0x0040f1ec
symbol	caseD_3	0x0040f238
symbol	caseD_4	0x0040f26f
symbol	caseD_5	0x0040f277
symbol	caseD_6	0x0040f2ac
symbol	caseD_0	0x0040f2fb
symbol	caseD_7	0x0040f33f
symbol	default	0x0040f864
symbol	switchdataD_0040f87d	0x0040f87d
symbol	__fassign	0x0040fc1b
symbol	__cfltcvt	0x0040ff0b
symbol	__freebuf	0x004100f1
symbol	__allmul	0x004101a0
symbol	_strchr	0x00410ab0
symbol	__strrev	0x00410dd0
symbol	_strstr	0x00411790
symbol	_strrchr	0x00411890
symbol	_strncmp	0x004118c0
symbol	_strncpy	0x00411b10
symbol	__aulldiv	0x00411f80
symbol	__aullrem	0x00411ff0
symbol	___add_12	0x00412d2a
symbol	switchD	0x00412f0d
symbol	caseD_0	0x00412f14
symbol	caseD_1	0x00412f63
symbol	caseD_2	0x00412fba
symbol	caseD_3	0x00412fe4
symbol	caseD_4	0x0041303f
symbol	caseD_5	0x004130b6
symbol	caseD_6	0x004130ec
symbol	caseD_8	0x00413115
symbol	caseD_7	0x00413136
symbol	caseD_b	0x00413150
symbol	caseD_a	0x00413184
symbol	caseD_9	0x0041319a
symbol	switchdataD_0041334b	0x0041334b
symbol	__mbsnbicoll	0x0041360e
symbol	uflow	0x00414a89
symbol	?uflow@?$basic_streambuf@DU?$char_traits@D@std@@@std@@MAEHXZ	0x00414a89
symbol	_Gninc	0x0041520a
symbol	?_Gninc@?$basic_streambuf@DU?$char_traits@D@std@@@std@@IAEPADXZ	0x0041520a
symbol	uflow	0x00415d27
symbol	Gninc	0x00416383
symbol	switchD	0x00417c7e
symbol	caseD_4	0x00417c85
symbol	caseD_5	0x00417c85
symbol	caseD_6	0x00417c85
symbol	caseD_7	0x00417c85
symbol	caseD_8	0x00417c85
symbol	caseD_9	0x00417c85
symbol	caseD_a	0x00417c85
symbol	caseD_b	0x00417c85
symbol	caseD_c	0x00417c85
symbol	caseD_d	0x00417c85
symbol	caseD_e	0x00417c85
symbol	caseD_1	0x00417c98
symbol	caseD_2	0x00417cbb
symbol	caseD_3	0x00417cde
symbol	caseD_f	0x00417d01
symbol	caseD_0	0x00417d08
symbol	switchdataD_00417d24	0x00417d24
symbol	switchdataD_00417d3c	0x00417d3c
symbol	switchD	0x00417d85
symbol	caseD_4	0x00417d8c
symbol	caseD_5	0x00417d8c
symbol	caseD_6	0x00417d8c
symbol	caseD_7	0x00417d8c
symbol	caseD_8	0x00417d8c
symbol	caseD_9	0x00417d8c
symbol	caseD_a	0x00417d8c
symbol	caseD_b	0x00417d8c
symbol	caseD_c	0x00417d8c
symbol	caseD_d	0x00417d8c
symbol	caseD_e	0x00417d8c
symbol	caseD_0	0x00417d96
symbol	caseD_1	0x00417da5
symbol	caseD_2	0x00417dc5
symbol	caseD_3	0x00417e07
symbol	caseD_f	0x00417fd7
symbol	switchdataD_00417fe4	0x00417fe4
symbol	switchdataD_00417ffc	0x00417ffc
symbol	switchD	0x0041802e
symbol	caseD_4	0x00418035
symbol	caseD_5	0x00418035
symbol	caseD_6	0x00418035
symbol	caseD_7	0x00418035
symbol	caseD_8	0x00418035
symbol	caseD_9	0x00418035
symbol	caseD_a	0x00418035
symbol	caseD_b	0x00418035
symbol	caseD_c	0x00418035
symbol	caseD_d	0x00418035
symbol	caseD_e	0x00418035
symbol	caseD_1	0x00418048
symbol	caseD_2	0x0041806b
symbol	caseD_3	0x0041808e
symbol	caseD_0	0x004180b1
symbol	caseD_f	0x004180b1
symbol	switchdataD_004180b8	0x004180b8
symbol	switchdataD_004180d0	0x004180d0
symbol	switchD	0x004180fa
symbol	default	0x00418101
symbol	caseD_0	0x00418118
symbol	caseD_1	0x0041813c
symbol	caseD_2	0x0041819a
symbol	caseD_3	0x004181f7
symbol	switchdataD_00418254	0x00418254
symbol	switchD	0x004192a9
symbol	default	0x004192b0
symbol	caseD_1	0x004192b9
symbol	caseD_0	0x004192c4
symbol	caseD_2	0x004192eb
symbol	caseD_3	0x00419308
symbol	switchdataD_00419324	0x00419324
symbol	switchD	0x0041b0e8
symbol	caseD_0	0x0041b0ef
symbol	caseD_1	0x0041b187
symbol	caseD_2	0x0041b220
symbol	caseD_3	0x0041b2bc
symbol	caseD_4	0x0041b358
symbol	caseD_5	0x0041b41b
symbol	caseD_6	0x0041b4de
symbol	default	0x0041b647
symbol	switchdataD_0041b650	0x0041b650
symbol	switchD	0x0041e818
symbol	caseD_1	0x0041e81f
symbol	caseD_4	0x0041e828
symbol	caseD_5	0x0041e831
symbol	caseD_6	0x0041e83a
symbol	caseD_7	0x0041e843
symbol	caseD_2	0x0041e84a
symbol	caseD_3	0x0041e84a
symbol	caseD_8	0x0041e876
symbol	caseD_9	0x0041e876
symbol	caseD_a	0x0041e876
symbol	switchdataD_0041e878	0x0041e878
symbol	switchD	0x0041e92b
symbol	caseD_8000	0x0041e932
symbol	caseD_8001	0x0041e93c
symbol	caseD_8010	0x0041e946
symbol	caseD_8020	0x0041e950
symbol	caseD_8002	0x0041e95a
symbol	caseD_8003	0x0041e95a
symbol	caseD_8004	0x0041e95a
symbol	caseD_8005	0x0041e95a
symbol	caseD_8006	0x0041e95a
symbol	caseD_8007	0x0041e95a
symbol	caseD_8008	0x0041e95a
symbol	caseD_8009	0x0041e95a
symbol	caseD_800a	0x0041e95a
symbol	caseD_800b	0x0041e95a
symbol	caseD_800c	0x0041e95a
symbol	caseD_800d	0x0041e95a
symbol	caseD_800e	0x0041e95a
symbol	caseD_800f	0x0041e95a
symbol	caseD_8011	0x0041e95a
symbol	caseD_8012	0x0041e95a
symbol	caseD_8013	0x0041e95a
symbol	caseD_8014	0x0041e95a
symbol	caseD_8015	0x0041e95a
symbol	caseD_8016	0x0041e95a
symbol	caseD_8017	0x0041e95a
symbol	caseD_8018	0x0041e95a
symbol	caseD_8019	0x0041e95a
symbol	caseD_801a	0x0041e95a
symbol	caseD_801b	0x0041e95a
symbol	caseD_801c	0x0041e95a
symbol	caseD_801d	0x0041e95a
symbol	caseD_801e	0x0041e95a
symbol	caseD_801f	0x0041e95a
symbol	switchdataD_0041e964	0x0041e964
symbol	switchdataD_0041e978	0x0041e978
symbol	switchD	0x0041ea10
symbol	caseD_4	0x0041ea17
symbol	caseD_5	0x0041ea17
symbol	caseD_6	0x0041ea17
symbol	caseD_7	0x0041ea17
symbol	caseD_0	0x0041ea44
symbol	caseD_1	0x0041ea44
symbol	caseD_2	0x0041ea44
symbol	caseD_3	0x0041ea44
symbol	caseD_8	0x0041ea44
symbol	caseD_9	0x0041ea44
symbol	caseD_a	0x0041ea44
symbol	switchdataD_0041ea48	0x0041ea48
symbol	switchdataD_0041ea50	0x0041ea50
symbol	switchD	0x0041f035
symbol	caseD_0	0x0041f03c
symbol	caseD_3	0x0041f3e3
symbol	caseD_1	0x0041f46a
symbol	caseD_4	0x0041f55a
symbol	caseD_2	0x0041f638
symbol	caseD_5	0x0041f638
symbol	default	0x0041f810
symbol	switchdataD_0041f82c	0x0041f82c
symbol	switchD	0x0041f8a3
symbol	caseD_1	0x0041f8aa
symbol	caseD_2	0x0041f8aa
symbol	caseD_3	0x0041f8aa
symbol	caseD_4	0x0041f8fd
symbol	caseD_5	0x0041f8fd
symbol	caseD_6	0x0041f8fd
symbol	caseD_7	0x0041f8fd
symbol	caseD_8	0x0041f8fd
symbol	caseD_9	0x0041f8fd
symbol	caseD_a	0x0041f8fd
symbol	caseD_b	0x0041f8fd
symbol	caseD_c	0x0041f8fd
symbol	default	0x0041f96a
symbol	switchdataD_0041fcd8	0x0041fcd8
symbol	switchdataD_0041fce0	0x0041fce0
symbol	switchD	0x0041fd56
symbol	caseD_0	0x0041fd5d
symbol	caseD_1	0x0041fd5d
symbol	caseD_3	0x0041fd5d
symbol	default	0x0041fe11
symbol	caseD_2	0x0041fe14
symbol	switchdataD_0041fe44	0x0041fe44
symbol	switchD	0x0041fe7e
symbol	caseD_6811	0x0041fe85
symbol	caseD_6812	0x0041fe8f
symbol	caseD_6821	0x0041fe99
symbol	caseD_6822	0x0041fea3
symbol	caseD_6831	0x0041fead
symbol	caseD_6832	0x0041feb7
symbol	caseD_6833	0x0041fec1
symbol	caseD_6823	0x0041fec1
symbol	caseD_6840	0x0041fecb
symbol	caseD_6813	0x0041fed1
symbol	caseD_6814	0x0041fed1
symbol	caseD_6815	0x0041fed1
symbol	caseD_6816	0x0041fed1
symbol	caseD_6817	0x0041fed1
symbol	caseD_6818	0x0041fed1
symbol	caseD_6819	0x0041fed1
symbol	caseD_681a	0x0041fed1
symbol	caseD_681b	0x0041fed1
symbol	caseD_681c	0x0041fed1
symbol	caseD_681d	0x0041fed1
symbol	caseD_681e	0x0041fed1
symbol	caseD_681f	0x0041fed1
symbol	caseD_6820	0x0041fed1
symbol	caseD_6824	0x0041fed1
symbol	caseD_6825	0x0041fed1
symbol	caseD_6826	0x0041fed1
symbol	caseD_6827	0x0041fed1
symbol	caseD_6828	0x0041fed1
symbol	caseD_6829	0x0041fed1
symbol	caseD_682a	0x0041fed1
symbol	caseD_682b	0x0041fed1
symbol	caseD_682c	0x0041fed1
symbol	caseD_682d	0x0041fed1
symbol	caseD_682e	0x0041fed1
symbol	caseD_682f	0x0041fed1
symbol	caseD_6830	0x0041fed1
symbol	caseD_6834	0x0041fed1
symbol	caseD_6835	0x0041fed1
symbol	caseD_6836	0x0041fed1
symbol	caseD_6837	0x0041fed1
symbol	caseD_6838	0x0041fed1
symbol	caseD_6839	0x0041fed1
symbol	caseD_683a	0x0041fed1
symbol	caseD_683b	0x0041fed1
symbol	caseD_683c	0x0041fed1
symbol	caseD_683d	0x0041fed1
symbol	caseD_683e	0x0041fed1
symbol	caseD_683f	0x0041fed1
symbol	switchdataD_0041fed8	0x0041fed8
symbol	switchdataD_0041fefc	0x0041fefc
symbol	Catch@004228f6	0x004228f6
symbol	switchD	0x00424dbc
symbol	caseD_0	0x00424dc3
symbol	caseD_1	0x00424dc3
symbol	caseD_4	0x00424de7
symbol	caseD_9	0x00424de7
symbol	caseD_2	0x00424def
symbol	caseD_3	0x00424def
symbol	caseD_5	0x00424e66
symbol	caseD_6	0x00424e66
symbol	caseD_7	0x00424e7a
symbol	caseD_8	0x004250f9
symbol	switchdataD_00425124	0x00425124
symbol	switchD	0x004251e1
symbol	caseD_9	0x00425205
symbol	caseD_b	0x00425205
symbol	caseD_d	0x00425205
symbol	caseD_e	0x00425205
symbol	caseD_7	0x0042522f
symbol	caseD_8	0x00425239
symbol	caseD_a	0x0042525f
symbol	caseD_c	0x00425269
symbol	caseD_f	0x0042528d
symbol	switchdataD_00425400	0x00425400
symbol	switchD	0x00425cc7
symbol	caseD_0	0x00425cce
symbol	caseD_1	0x00425cce
symbol	caseD_2	0x00425cce
symbol	caseD_c	0x00425cce
symbol	caseD_4	0x00425d59
symbol	caseD_7	0x00425d59
symbol	caseD_5	0x00425d79
symbol	caseD_8	0x00425d79
symbol	caseD_10	0x00425d79
symbol	caseD_11	0x00425d79
symbol	caseD_12	0x00425d79
symbol	caseD_6	0x00425dc4
symbol	caseD_9	0x00425dc4
symbol	caseD_3	0x00425ddc
symbol	caseD_a	0x00425ddc
symbol	caseD_b	0x00425ddc
symbol	caseD_d	0x00425ddc
symbol	caseD_e	0x00425ddc
symbol	caseD_f	0x00425ddc
symbol	switchdataD_00425de4	0x00425de4
symbol	switchdataD_00425e0c	0x00425e0c
symbol	~exception	0x004262f6
symbol	??1exception@@UAE@XZ	0x004262f6
symbol	switchD	0x00429cd6
symbol	caseD_0	0x00429cdd
symbol	switchD	0x00429cfb
symbol	caseD_1	0x00429d02
symbol	caseD_2	0x00429d11
symbol	caseD_3	0x00429d20
symbol	caseD_4	0x00429d2c
symbol	caseD_5	0x00429d38
symbol	default	0x00429d44
symbol	caseD_5	0x00429d50
symbol	caseD_6	0x00429d50
symbol	caseD_7	0x00429d5c
symbol	caseD_2	0x00429d68
symbol	caseD_4	0x00429d74
symbol	caseD_3	0x00429d80
symbol	caseD_1	0x00429d8c
symbol	default	0x00429da1
symbol	switchdataD_00429dd4	0x00429dd4
symbol	switchdataD_00429df4	0x00429df4
symbol	switchD	0x0042b2a8
symbol	caseD_0	0x0042b2af
symbol	caseD_1	0x0042b2af
symbol	default	0x0042b2b8
symbol	caseD_2	0x0042b2cd
symbol	caseD_3	0x0042b2cd
symbol	caseD_4	0x0042b2d8
symbol	caseD_5	0x0042b2d8
symbol	caseD_6	0x0042b2d8
symbol	caseD_7	0x0042b2d8
symbol	caseD_8	0x0042b2d8
symbol	caseD_9	0x0042b2d8
symbol	caseD_a	0x0042b2d8
symbol	caseD_b	0x0042b2d8
symbol	Catch@0042b2f5	0x0042b2f5
symbol	switchdataD_0042b320	0x0042b320
symbol	switchdataD_0042b32c	0x0042b32c
symbol	switchD	0x0042b378
symbol	caseD_0	0x0042b37f
symbol	caseD_d	0x0042b37f
symbol	caseD_1	0x0042b388
symbol	caseD_2	0x0042b388
symbol	caseD_3	0x0042b388
symbol	caseD_4	0x0042b388
symbol	caseD_5	0x0042b388
symbol	caseD_6	0x0042b388
symbol	caseD_7	0x0042b388
symbol	caseD_8	0x0042b388
symbol	caseD_9	0x0042b388
symbol	caseD_a	0x0042b388
symbol	caseD_b	0x0042b388
symbol	caseD_c	0x0042b388
symbol	caseD_e	0x0042b39d
symbol	caseD_f	0x0042b39d
symbol	caseD_10	0x0042b3a8
symbol	caseD_11	0x0042b3a8
symbol	caseD_12	0x0042b3a8
symbol	caseD_13	0x0042b3a8
symbol	caseD_14	0x0042b3a8
symbol	caseD_15	0x0042b3a8
symbol	caseD_16	0x0042b3a8
symbol	caseD_17	0x0042b3a8
symbol	Catch@0042b3c5	0x0042b3c5
symbol	switchdataD_0042b3f0	0x0042b3f0
symbol	switchdataD_0042b400	0x0042b400
symbol	_memchr	0x00432a60
symbol	__allshl	0x00433620
symbol	InitString	0x00433787
symbol	?InitString@CSimpleException@@QAEXXZ	0x00433787
symbol	AddTail	0x00433f6d
symbol	RemoveAll	0x0043402e
symbol	CMap<>	0x004340c1
symbol	RemoveAll	0x00434149
symbol	`scalar_deleting_destructor'	0x0043449c
symbol	??_GCWnd@@UAEPAXI@Z	0x0043449c
symbol	Catch@00434701	0x00434701
symbol	Detach	0x00434896
symbol	?Detach@CWnd@@QAEPAUHWND__@@XZ	0x00434896
symbol	Catch@00434a1c	0x00434a1c
symbol	~CWnd	0x00434e8a
symbol	??1CWnd@@UAE@XZ	0x00434e8a
symbol	Catch@0043542d	0x0043542d
symbol	AfxFindMessageEntry	0x0043561f
symbol	?AfxFindMessageEntry@@YGPBUAFX_MSGMAP_ENTRY@@PBU1@III@Z	0x0043561f
symbol	switchD	0x00435877
symbol	caseD_1	0x0043587e
symbol	caseD_2	0x0043588c
symbol	caseD_3	0x00435894
symbol	caseD_8	0x00435894
symbol	caseD_2d	0x004358ab
symbol	caseD_4	0x004358b9
symbol	caseD_5	0x0043592f
symbol	caseD_6	0x00435967
symbol	caseD_7	0x00435976
symbol	caseD_9	0x00435986
symbol	caseD_2a	0x00435986
symbol	caseD_b	0x00435990
symbol	caseD_c	0x004359ac
symbol	caseD_d	0x004359b5
symbol	caseD_f	0x004359bd
symbol	caseD_10	0x004359cf
symbol	caseD_11	0x004359cf
symbol	caseD_13	0x004359dd
symbol	caseD_14	0x004359fb
symbol	caseD_15	0x00435a09
symbol	caseD_16	0x00435a13
symbol	caseD_17	0x00435a27
symbol	caseD_2c	0x00435a2c
symbol	caseD_18	0x00435a34
symbol	caseD_19	0x00435a3f
symbol	caseD_1a	0x00435a54
symbol	caseD_1b	0x00435a62
symbol	caseD_1c	0x00435a6b
symbol	caseD_1d	0x00435a7a
symbol	caseD_1e	0x00435a7a
symbol	caseD_e	0x00435aa5
symbol	caseD_12	0x00435aa5
symbol	caseD_25	0x00435aa5
symbol	caseD_2f	0x00435aa5
symbol	caseD_22	0x00435ab2
symbol	caseD_23	0x00435abf
symbol	caseD_1f	0x00435ac5
symbol	caseD_24	0x00435ac5
symbol	caseD_30	0x00435acc
symbol	caseD_31	0x00435add
symbol	caseD_20	0x00435af1
symbol	caseD_2b	0x00435af1
symbol	caseD_2e	0x00435b02
symbol	caseD_a	0x00435b32
symbol	caseD_21	0x00435b32
symbol	caseD_26	0x00435b3d
symbol	caseD_27	0x00435b3d
symbol	caseD_28	0x00435b3d
symbol	caseD_29	0x00435b3d
symbol	switchdataD_00435b51	0x00435b51
symbol	AfxGetParentOwner	0x00435d83
symbol	?AfxGetParentOwner@@YGPAUHWND__@@PAU1@@Z	0x00435d83
symbol	OnDevModeChange	0x004362f9
symbol	OnDisplayChange	0x004363a8
symbol	?OnDisplayChange@CWnd@@IAEJIJ@Z	0x004363a8
symbol	Catch@004365eb	0x004365eb
symbol	Catch@004365f1	0x004365f1
symbol	AfxRegisterWithIcon	0x00436ada
symbol	CCmdUI	0x00437472
symbol	??0CCmdUI@@QAE@XZ	0x00437472
symbol	Catch@00437d41	0x00437d41
symbol	AfxGetThread	0x00437de8
symbol	?AfxGetThread@@YGPAVCWinThread@@XZ	0x00437de8
symbol	AfxEndThread	0x00437e7e
symbol	?AfxEndThread@@YGXIH@Z	0x00437e7e
symbol	Catch@00437fa4	0x00437fa4
symbol	AfxInternalProcessWndProcException	0x00438365
symbol	?AfxInternalProcessWndProcException@@YGJPAVCException@@PBUtagMSG@@@Z	0x00438365
symbol	switchD	0x004387b1
symbol	caseD_0	0x004387b8
symbol	caseD_4	0x004387bf
symbol	caseD_2	0x004387c6
symbol	caseD_6	0x004387c6
symbol	caseD_12	0x004387c6
symbol	caseD_18	0x004387fa
symbol	switchD	0x0043882a
symbol	caseD_3	0x00438831
symbol	caseD_f	0x00438831
symbol	caseD_11	0x00438831
symbol	caseD_34	0x00438831
symbol	caseD_35	0x00438831
symbol	caseD_37	0x00438831
symbol	caseD_14	0x0043887a
symbol	caseD_15	0x0043887a
symbol	caseD_16	0x0043887a
symbol	caseD_17	0x0043887a
symbol	caseD_39	0x0043887a
symbol	caseD_3b	0x0043887a
symbol	caseD_5	0x00438880
symbol	caseD_c	0x00438880
symbol	caseD_13	0x00438880
symbol	caseD_36	0x00438880
symbol	caseD_3a	0x00438880
symbol	caseD_b	0x004388b1
symbol	caseD_3c	0x004388b1
symbol	caseD_10	0x00438918
symbol	caseD_1	0x0043896a
symbol	caseD_7	0x0043896a
symbol	caseD_8	0x0043896a
symbol	caseD_9	0x0043896a
symbol	caseD_a	0x0043896a
symbol	caseD_d	0x0043896a
symbol	caseD_e	0x0043896a
symbol	caseD_38	0x0043896a
symbol	switchdataD_00438971	0x00438971
symbol	switchdataD_004389d5	0x004389d5
symbol	Catch@00439093	0x00439093
symbol	~CDialog	0x00439447
symbol	??1CDialog@@UAE@XZ	0x00439447
symbol	Catch@004396aa	0x004396aa
symbol	PreModal	0x0043978a
symbol	?PreModal@CDialog@@IAEPAUHWND__@@XZ	0x0043978a
symbol	PostModal	0x004397c4
symbol	?PostModal@CDialog@@IAEXXZ	0x004397c4
symbol	Catch@004398ff	0x004398ff
symbol	`scalar_deleting_destructor'	0x00439f5f
symbol	??_GCStdioFile@@UAEPAXI@Z	0x00439f5f
symbol	~CStdioFile	0x0043a014
symbol	??1CStdioFile@@UAE@XZ	0x0043a014
symbol	Catch@0043a608	0x0043a608
symbol	Detach	0x0043a7bf
symbol	Detach	0x0043ad2e
symbol	?Detach@CDC@@QAEPAUHDC__@@XZ	0x0043ad2e
symbol	DeleteDC	0x0043ad5f
symbol	?DeleteDC@CDC@@QAEHXZ	0x0043ad5f
symbol	LineTo	0x0043b1e9
symbol	?LineTo@CDC@@QAEHHH@Z	0x0043b1e9
symbol	FID_conflict:~CClientDC	0x0043b2c5
symbol	??1CWindowDC@@UAE@XZ	0x0043b2c5
symbol	??1CClientDC@@UAE@XZ	0x0043b2c5
symbol	`scalar_deleting_destructor'	0x0043b35d
symbol	??_GCPaintDC@@UAEPAXI@Z	0x0043b35d
symbol	~CPaintDC	0x0043b379
symbol	??1CPaintDC@@UAE@XZ	0x0043b379
symbol	Detach	0x0043b474
symbol	FID_conflict:~CHotKeyCtrl	0x0043c33a
symbol	??1CIPAddressCtrl@@UAE@XZ	0x0043c33a
symbol	??1CEdit@@UAE@XZ	0x0043c33a
symbol	??1CListBox@@UAE@XZ	0x0043c33a
symbol	??1CComboBox@@UAE@XZ	0x0043c33a
symbol	??1CHeaderCtrl@@UAE@XZ	0x0043c33a
symbol	??1CListCtrl@@UAE@XZ	0x0043c33a
symbol	??1CAnimateCtrl@@UAE@XZ	0x0043c33a
symbol	??1CDateTimeCtrl@@UAE@XZ	0x0043c33a
symbol	??1CButton@@UAE@XZ	0x0043c33a
symbol	??1CMonthCalCtrl@@UAE@XZ	0x0043c33a
symbol	??1CHotKeyCtrl@@UAE@XZ	0x0043c33a
symbol	FillSolidRect	0x0043c3c4
symbol	?FillSolidRect@CDC@@QAEXPBUtagRECT@@K@Z	0x0043c3c4
symbol	CWinThread	0x0043c9e4
symbol	??0CWinThread@@QAE@P6AIPAX@Z0@Z	0x0043c9e4
symbol	`scalar_deleting_destructor'	0x0043ca28
symbol	??_GCWinThread@@UAEPAXI@Z	0x0043ca28
symbol	CWinThread	0x0043ca44
symbol	??0CWinThread@@QAE@XZ	0x0043ca44
symbol	AfxGetModuleThreadState	0x0043ce94
symbol	?AfxGetModuleThreadState@@YGPAVAFX_MODULE_THREAD_STATE@@XZ	0x0043ce94
symbol	Unlock	0x0043ceab
symbol	?Unlock@CTypeLibCache@@QAEXXZ	0x0043ceab
symbol	Catch@0043d8dd	0x0043d8dd
symbol	GetSectionKey	0x0043dfbb
symbol	~CWinThread	0x0043e007
symbol	??1CWinThread@@UAE@XZ	0x0043e007
symbol	AfxPostQuitMessage	0x0043e083
symbol	?AfxPostQuitMessage@@YGXH@Z	0x0043e083
symbol	Unwind@0043e170	0x0043e170
symbol	Unwind@0043e178	0x0043e178
symbol	Unwind@0043e183	0x0043e183
symbol	Unwind@0043e191	0x0043e191
symbol	Unwind@0043e19f	0x0043e19f
symbol	Unwind@0043e1ad	0x0043e1ad
symbol	Unwind@0043e1d0	0x0043e1d0
symbol	Unwind@0043e1d8	0x0043e1d8
symbol	Unwind@0043e1e3	0x0043e1e3
symbol	Unwind@0043e1f1	0x0043e1f1
symbol	Unwind@0043e1ff	0x0043e1ff
symbol	Unwind@0043e20d	0x0043e20d
symbol	Unwind@0043e230	0x0043e230
symbol	Unwind@0043e238	0x0043e238
symbol	Unwind@0043e250	0x0043e250
symbol	Unwind@0043e258	0x0043e258
symbol	Unwind@0043e260	0x0043e260
symbol	Unwind@0043e268	0x0043e268
symbol	Unwind@0043e270	0x0043e270
symbol	Unwind@0043e290	0x0043e290
symbol	Unwind@0043e2b0	0x0043e2b0
symbol	Unwind@0043e2d0	0x0043e2d0
symbol	Unwind@0043e2f0	0x0043e2f0
symbol	Unwind@0043e2fb	0x0043e2fb
symbol	Unwind@0043e310	0x0043e310
symbol	Unwind@0043e31b	0x0043e31b
symbol	Unwind@0043e329	0x0043e329
symbol	Unwind@0043e337	0x0043e337
symbol	Unwind@0043e345	0x0043e345
symbol	Unwind@0043e353	0x0043e353
symbol	Unwind@0043e361	0x0043e361
symbol	Unwind@0043e369	0x0043e369
symbol	Unwind@0043e3a0	0x0043e3a0
symbol	Unwind@0043e3a8	0x0043e3a8
symbol	Unwind@0043e3c0	0x0043e3c0
symbol	Unwind@0043e3e0	0x0043e3e0
symbol	Unwind@0043e400	0x0043e400
symbol	Unwind@0043e420	0x0043e420
symbol	Unwind@0043e440	0x0043e440
symbol	Unwind@0043e448	0x0043e448
symbol	Unwind@0043e453	0x0043e453
symbol	Unwind@0043e470	0x0043e470
symbol	Unwind@0043e490	0x0043e490
symbol	Unwind@0043e4b0	0x0043e4b0
symbol	Unwind@0043e4d0	0x0043e4d0
symbol	Unwind@0043e4f0	0x0043e4f0
symbol	Unwind@0043e510	0x0043e510
symbol	Unwind@0043e530	0x0043e530
symbol	Unwind@0043e538	0x0043e538
symbol	Unwind@0043e543	0x0043e543
symbol	Unwind@0043e560	0x0043e560
symbol	Unwind@0043e580	0x0043e580
symbol	Unwind@0043e588	0x0043e588
symbol	Unwind@0043e5a0	0x0043e5a0
symbol	Unwind@0043e5c0	0x0043e5c0
symbol	Unwind@0043e5c8	0x0043e5c8
symbol	Unwind@0043e5d6	0x0043e5d6
symbol	Unwind@0043e5e4	0x0043e5e4
symbol	Unwind@0043e600	0x0043e600
symbol	Unwind@0043e608	0x0043e608
symbol	Unwind@0043e616	0x0043e616
symbol	Unwind@0043e624	0x0043e624
symbol	Unwind@0043e640	0x0043e640
symbol	Unwind@0043e648	0x0043e648
symbol	Unwind@0043e650	0x0043e650
symbol	Unwind@0043e670	0x0043e670
symbol	Unwind@0043e690	0x0043e690
symbol	Unwind@0043e698	0x0043e698
symbol	Unwind@0043e6a3	0x0043e6a3
symbol	Unwind@0043e6ae	0x0043e6ae
symbol	Unwind@0043e6b9	0x0043e6b9
symbol	Unwind@0043e6c4	0x0043e6c4
symbol	Unwind@0043e6e0	0x0043e6e0
symbol	Unwind@0043e6e8	0x0043e6e8
symbol	Unwind@0043e700	0x0043e700
symbol	Unwind@0043e70b	0x0043e70b
symbol	Unwind@0043e730	0x0043e730
symbol	Unwind@0043e73b	0x0043e73b
symbol	Unwind@0043e750	0x0043e750
symbol	Unwind@0043e75b	0x0043e75b
symbol	Unwind@0043e766	0x0043e766
symbol	Unwind@0043e780	0x0043e780
symbol	Unwind@0043e7a0	0x0043e7a0
symbol	Unwind@0043e7c0	0x0043e7c0
symbol	Unwind@0043e7e0	0x0043e7e0
symbol	Unwind@0043e800	0x0043e800
symbol	Unwind@0043e820	0x0043e820
symbol	Unwind@0043e840	0x0043e840
symbol	Unwind@0043e848	0x0043e848
symbol	Unwind@0043e853	0x0043e853
symbol	Unwind@0043e861	0x0043e861
symbol	Unwind@0043e86f	0x0043e86f
symbol	Unwind@0043e87d	0x0043e87d
symbol	Unwind@0043e88b	0x0043e88b
symbol	Unwind@0043e899	0x0043e899
symbol	Unwind@0043e8c0	0x0043e8c0
symbol	Unwind@0043e8c8	0x0043e8c8
symbol	Unwind@0043e8d3	0x0043e8d3
symbol	Unwind@0043e8e1	0x0043e8e1
symbol	Unwind@0043e8ef	0x0043e8ef
symbol	Unwind@0043e8fd	0x0043e8fd
symbol	Unwind@0043e90b	0x0043e90b
symbol	Unwind@0043e919	0x0043e919
symbol	Unwind@0043e927	0x0043e927
symbol	Unwind@0043e935	0x0043e935
symbol	Unwind@0043e93d	0x0043e93d
symbol	Unwind@0043e950	0x0043e950
symbol	Unwind@0043e95b	0x0043e95b
symbol	Unwind@0043e966	0x0043e966
symbol	Unwind@0043e980	0x0043e980
symbol	Unwind@0043e988	0x0043e988
symbol	Unwind@0043e9a0	0x0043e9a0
symbol	Unwind@0043e9c0	0x0043e9c0
symbol	Unwind@0043e9c8	0x0043e9c8
symbol	Unwind@0043e9e0	0x0043e9e0
symbol	Unwind@0043ea00	0x0043ea00
symbol	Unwind@0043ea20	0x0043ea20
symbol	Unwind@0043ea28	0x0043ea28
symbol	Unwind@0043ea30	0x0043ea30
symbol	Unwind@0043ea50	0x0043ea50
symbol	Unwind@0043ea70	0x0043ea70
symbol	Unwind@0043ea78	0x0043ea78
symbol	Unwind@0043ea80	0x0043ea80
symbol	Unwind@0043ea88	0x0043ea88
symbol	Unwind@0043eaa0	0x0043eaa0
symbol	Unwind@0043eac0	0x0043eac0
symbol	Unwind@0043eae0	0x0043eae0
symbol	Unwind@0043eb00	0x0043eb00
symbol	Unwind@0043eb20	0x0043eb20
symbol	Unwind@0043eb40	0x0043eb40
symbol	Unwind@0043eb54	0x0043eb54
symbol	Unwind@0043eb5c	0x0043eb5c
symbol	Unwind@0043eb64	0x0043eb64
symbol	Unwind@0043eb78	0x0043eb78
symbol	Unwind@0043eb98	0x0043eb98
symbol	Unwind@0043ebac	0x0043ebac
symbol	Unwind@0043ebc0	0x0043ebc0
symbol	Unwind@0043ebd4	0x0043ebd4
symbol	Unwind@0043ebe8	0x0043ebe8
symbol	Unwind@0043ebfc	0x0043ebfc
symbol	Unwind@0043ec10	0x0043ec10
symbol	Unwind@0043ec18	0x0043ec18
symbol	Unwind@0043ec3c	0x0043ec3c
symbol	Unwind@0043ec50	0x0043ec50
symbol	Unwind@0043ec64	0x0043ec64
symbol	Unwind@0043ec78	0x0043ec78
symbol	Unwind@0043ec8c	0x0043ec8c
symbol	Unwind@0043eca0	0x0043eca0
symbol	Unwind@0043ecb4	0x0043ecb4
symbol	Unwind@0043ecc8	0x0043ecc8
symbol	Unwind@0043ecdc	0x0043ecdc
symbol	Unwind@0043ecf0	0x0043ecf0
symbol	Unwind@0043ed04	0x0043ed04
symbol	Unwind@0043ed18	0x0043ed18
symbol	Unwind@0043ed38	0x0043ed38
symbol	Unwind@0043ed4c	0x0043ed4c
symbol	Unwind@0043ed60	0x0043ed60
symbol	Unwind@0043ed74	0x0043ed74
symbol	Unwind@0043ed88	0x0043ed88
symbol	Unwind@0043ed90	0x0043ed90
symbol	Unwind@0043eda4	0x0043eda4
symbol	Unwind@0043edad	0x0043edad
symbol	Unwind@0043edb5	0x0043edb5
symbol	Unwind@0043edcc	0x0043edcc
symbol	Unwind@0043edd4	0x0043edd4
symbol	Unwind@0043edec	0x0043edec
symbol	Unwind@0043ee0c	0x0043ee0c
symbol	Unwind@0043ee20	0x0043ee20
symbol	Unwind@0043ee34	0x0043ee34
symbol	Unwind@0043ee3c	0x0043ee3c
symbol	Unwind@0043ee54	0x0043ee54
symbol	Unwind@0043ee68	0x0043ee68
symbol	Unwind@0043ee7c	0x0043ee7c
symbol	Unwind@0043ee90	0x0043ee90
symbol	Unwind@0043eea4	0x0043eea4
symbol	Unwind@0043eeb8	0x0043eeb8
symbol	Unwind@0043eec0	0x0043eec0
symbol	Unwind@0043eee0	0x0043eee0
symbol	Unwind@0043eef7	0x0043eef7
symbol	Unwind@0043ef0c	0x0043ef0c
symbol	Unwind@0043ef20	0x0043ef20
symbol	Unwind@0043ef28	0x0043ef28
symbol	Unwind@0043ef4c	0x0043ef4c
symbol	Unwind@0043ef54	0x0043ef54
symbol	Unwind@0043ef78	0x0043ef78
symbol	Unwind@0043ef8c	0x0043ef8c
symbol	Unwind@0043efa0	0x0043efa0
symbol	Unwind@0043efa8	0x0043efa8
symbol	Unwind@0043efb0	0x0043efb0
symbol	Unwind@0043efb8	0x0043efb8
symbol	Unwind@0043efc0	0x0043efc0
symbol	Unwind@0043efd4	0x0043efd4
symbol	Unwind@0043eff4	0x0043eff4
symbol	Unwind@0043efff	0x0043efff
symbol	Unwind@0043f020	0x0043f020
symbol	Unwind@0043f02b	0x0043f02b
symbol	Unwind@0043f040	0x0043f040
symbol	Unwind@0043f054	0x0043f054
symbol	Unwind@0043f068	0x0043f068
symbol	Unwind@0043f07c	0x0043f07c
symbol	Unwind@0043f090	0x0043f090
symbol	Unwind@0043f0a4	0x0043f0a4
symbol	Unwind@0043f0c4	0x0043f0c4
symbol	Unwind@0043f0cc	0x0043f0cc
symbol	Unwind@0043f0e0	0x0043f0e0
symbol	Unwind@0043f0e9	0x0043f0e9
symbol	Unwind@0043f0f1	0x0043f0f1
symbol	Unwind@0043f108	0x0043f108
symbol	Unwind@0043f11c	0x0043f11c
symbol	Unwind@0043f130	0x0043f130
symbol	Unwind@0043f144	0x0043f144
symbol	Unwind@0043f158	0x0043f158
symbol	Unwind@0043f16c	0x0043f16c
symbol	Unwind@0043f180	0x0043f180
symbol	Unwind@0043f194	0x0043f194
symbol	Unwind@0043f1a8	0x0043f1a8
symbol	Unwind@0043f1b8	0x0043f1b8
symbol	Unwind@0043f1c8	0x0043f1c8
symbol	Unwind@0043f1d8	0x0043f1d8
symbol	Unwind@0043f1e8	0x0043f1e8
symbol	Unwind@0043f1f8	0x0043f1f8
symbol	Unwind@0043f208	0x0043f208
symbol	Unwind@0043f224	0x0043f224
symbol	Unwind@0043f248	0x0043f248
symbol	Unwind@0043f26c	0x0043f26c
symbol	Unwind@0043f290	0x0043f290
symbol	Unwind@0043f2b4	0x0043f2b4
symbol	Unwind@0043f2bf	0x0043f2bf
symbol	Unwind@0043f2c7	0x0043f2c7
symbol	Unwind@0043f2dc	0x0043f2dc
symbol	Unwind@0043f2e4	0x0043f2e4
symbol	Unwind@0043f2fc	0x0043f2fc
symbol	Unwind@0043f310	0x0043f310
symbol	Unwind@0043f324	0x0043f324
symbol	Unwind@0043f338	0x0043f338
symbol	Unwind@0043f34c	0x0043f34c
symbol	Unwind@0043f360	0x0043f360
symbol	Unwind@0043f378	0x0043f378
symbol	Unwind@0043f388	0x0043f388
symbol	Unwind@0043f398	0x0043f398
symbol	Unwind@0043f3a8	0x0043f3a8
symbol	Unwind@0043f3b8	0x0043f3b8
symbol	Unwind@0043f3c8	0x0043f3c8
symbol	Unwind@0043f3d8	0x0043f3d8
symbol	Unwind@0043f3f4	0x0043f3f4
symbol	Unwind@0043f418	0x0043f418
symbol	Unwind@0043f43c	0x0043f43c
symbol	Unwind@0043f460	0x0043f460
symbol	Unwind@0043f484	0x0043f484
symbol	Unwind@0043f48f	0x0043f48f
symbol	Unwind@0043f497	0x0043f497
symbol	Unwind@0043f4ac	0x0043f4ac
symbol	Unwind@0043f4b4	0x0043f4b4
symbol	Unwind@0043f4cc	0x0043f4cc
symbol	Unwind@0043f4d4	0x0043f4d4
symbol	Unwind@0043f4e8	0x0043f4e8
symbol	Unwind@0043f4fc	0x0043f4fc
symbol	Unwind@0043f510	0x0043f510
symbol	Unwind@0043f518	0x0043f518
symbol	Unwind@0043f523	0x0043f523
symbol	Unwind@0043f540	0x0043f540
symbol	Unwind@0043f54b	0x0043f54b
symbol	Unwind@0043f560	0x0043f560
symbol	Unwind@0043f580	0x0043f580
symbol	Unwind@0043f5a0	0x0043f5a0
symbol	Unwind@0043f5c0	0x0043f5c0
symbol	Unwind@0043f5e0	0x0043f5e0
symbol	Unwind@0043f5e8	0x0043f5e8
symbol	Unwind@0043f600	0x0043f600
symbol	Unwind@0043f620	0x0043f620
symbol	Unwind@0043f640	0x0043f640
symbol	Unwind@0043f64b	0x0043f64b
symbol	Unwind@0043f660	0x0043f660
symbol	Unwind@0043f66b	0x0043f66b
symbol	Unwind@0043f676	0x0043f676
symbol	Unwind@0043f681	0x0043f681
symbol	Unwind@0043f68c	0x0043f68c
symbol	Unwind@0043f697	0x0043f697
symbol	Unwind@0043f6b0	0x0043f6b0
symbol	Unwind@0043f6d0	0x0043f6d0
symbol	Unwind@0043f6db	0x0043f6db
symbol	Unwind@0043f6e6	0x0043f6e6
symbol	Unwind@0043f700	0x0043f700
symbol	Unwind@0043f70b	0x0043f70b
symbol	Unwind@0043f716	0x0043f716
symbol	Unwind@0043f721	0x0043f721
symbol	Unwind@0043f72c	0x0043f72c
symbol	Unwind@0043f73a	0x0043f73a
symbol	Unwind@0043f745	0x0043f745
symbol	Unwind@0043f750	0x0043f750
symbol	Unwind@0043f75b	0x0043f75b
symbol	Unwind@0043f766	0x0043f766
symbol	Unwind@0043f780	0x0043f780
symbol	Unwind@0043f788	0x0043f788
symbol	Unwind@0043f790	0x0043f790
symbol	Unwind@0043f7b0	0x0043f7b0
symbol	Unwind@0043f7b8	0x0043f7b8
symbol	Unwind@0043f7c0	0x0043f7c0
symbol	Unwind@0043f7e0	0x0043f7e0
symbol	Unwind@0043f800	0x0043f800
symbol	Unwind@0043f820	0x0043f820
symbol	Unwind@0043f831	0x0043f831
symbol	Unwind@0043f850	0x0043f850
symbol	Unwind@0043f858	0x0043f858
symbol	Unwind@0043f863	0x0043f863
symbol	Unwind@0043f880	0x0043f880
symbol	Unwind@0043f888	0x0043f888
symbol	Unwind@0043f893	0x0043f893
symbol	Unwind@0043f8b0	0x0043f8b0
symbol	Unwind@0043f8bb	0x0043f8bb
symbol	Unwind@0043f8c6	0x0043f8c6
symbol	Unwind@0043f8d1	0x0043f8d1
symbol	Unwind@0043f8f0	0x0043f8f0
symbol	Unwind@0043f910	0x0043f910
symbol	Unwind@0043f930	0x0043f930
symbol	Unwind@0043f960	0x0043f960
symbol	Unwind@0043f980	0x0043f980
symbol	Unwind@0043f9a0	0x0043f9a0
symbol	Unwind@0043f9c0	0x0043f9c0
symbol	Unwind@0043f9e0	0x0043f9e0
symbol	Unwind@0043fa00	0x0043fa00
symbol	Unwind@0043fa0b	0x0043fa0b
symbol	Unwind@0043fa16	0x0043fa16
symbol	Unwind@0043fa21	0x0043fa21
symbol	Unwind@0043fa2c	0x0043fa2c
symbol	Unwind@0043fa50	0x0043fa50
symbol	Unwind@0043fa5e	0x0043fa5e
symbol	Unwind@0043fa66	0x0043fa66
symbol	Unwind@0043fa71	0x0043fa71
symbol	Unwind@0043fa7c	0x0043fa7c
symbol	Unwind@0043fa8a	0x0043fa8a
symbol	Unwind@0043fa98	0x0043fa98
symbol	Unwind@0043faa3	0x0043faa3
symbol	Unwind@0043fab1	0x0043fab1
symbol	Unwind@0043fad0	0x0043fad0
symbol	Unwind@0043faf0	0x0043faf0
symbol	Unwind@0043fafb	0x0043fafb
symbol	Unwind@0043fb10	0x0043fb10
symbol	Unwind@0043fb30	0x0043fb30
symbol	Unwind@0043fb38	0x0043fb38
symbol	Unwind@0043fb40	0x0043fb40
symbol	Unwind@0043fb48	0x0043fb48
symbol	Unwind@0043fb60	0x0043fb60
symbol	Unwind@0043fb80	0x0043fb80
symbol	Unwind@0043fba0	0x0043fba0
symbol	Unwind@0043fbc0	0x0043fbc0
symbol	Unwind@0043fbcb	0x0043fbcb
symbol	Unwind@0043fc00	0x0043fc00
symbol	Unwind@0043fc20	0x0043fc20
symbol	Unwind@0043fc28	0x0043fc28
symbol	Unwind@0043fc30	0x0043fc30
symbol	Unwind@0043fc50	0x0043fc50
symbol	Unwind@0043fc70	0x0043fc70
symbol	Unwind@0043fc78	0x0043fc78
symbol	Unwind@0043fc90	0x0043fc90
symbol	Unwind@0043fc98	0x0043fc98
symbol	Unwind@0043fca0	0x0043fca0
symbol	Unwind@0043fca8	0x0043fca8
symbol	Unwind@0043fcb0	0x0043fcb0
symbol	Unwind@0043fcd0	0x0043fcd0
symbol	Unwind@0043fcf0	0x0043fcf0
symbol	Unwind@0043fd10	0x0043fd10
symbol	Unwind@0043fd30	0x0043fd30
symbol	Unwind@0043fd50	0x0043fd50
symbol	Unwind@0043fd58	0x0043fd58
symbol	Unwind@0043fd60	0x0043fd60
symbol	Unwind@0043fd68	0x0043fd68
symbol	Unwind@0043fd70	0x0043fd70
symbol	Unwind@0043fd78	0x0043fd78
symbol	Unwind@0043fd80	0x0043fd80
symbol	Unwind@0043fda0	0x0043fda0
symbol	Unwind@0043fdc0	0x0043fdc0
symbol	Unwind@0043fde0	0x0043fde0
symbol	Unwind@0043fe00	0x0043fe00
symbol	Unwind@0043fe20	0x0043fe20
symbol	Unwind@0043fe28	0x0043fe28
symbol	Unwind@0043fe30	0x0043fe30
symbol	Unwind@0043fe50	0x0043fe50
symbol	Unwind@0043fe70	0x0043fe70
symbol	Unwind@0043fe78	0x0043fe78
symbol	Unwind@0043fe80	0x0043fe80
symbol	Unwind@0043fe88	0x0043fe88
symbol	Unwind@0043fea0	0x0043fea0
symbol	Unwind@0043fec0	0x0043fec0
symbol	Unwind@0043fee0	0x0043fee0
symbol	Unwind@0043ff00	0x0043ff00
symbol	Unwind@0043ff20	0x0043ff20
symbol	Unwind@0043ff40	0x0043ff40
symbol	Unwind@0043ff48	0x0043ff48
symbol	Unwind@0043ff60	0x0043ff60
symbol	Unwind@0043ff80	0x0043ff80
symbol	Unwind@0043ff8b	0x0043ff8b
symbol	Unwind@0043ffa0	0x0043ffa0
symbol	Unwind@0043ffa8	0x0043ffa8
symbol	Unwind@0043ffc0	0x0043ffc0
symbol	Unwind@0043ffc8	0x0043ffc8
symbol	Unwind@0043ffe0	0x0043ffe0
symbol	vftable	0x00441fc4
symbol	RTTI_Type_Descriptor	0x0044a238
symbol	RTTI_Type_Descriptor	0x0044a480
symbol	RTTI_Type_Descriptor	0x0044a4a0
symbol	RTTI_Type_Descriptor	0x0044a4d0
symbol	RTTI_Type_Descriptor	0x0044a680
symbol	RTTI_Type_Descriptor	0x0044a698
symbol	RTTI_Type_Descriptor	0x0044a6b8
symbol	RTTI_Type_Descriptor	0x0044a6d0
symbol	RTTI_Type_Descriptor	0x0044a6e8
symbol	RTTI_Type_Descriptor	0x0044a708
symbol	RTTI_Type_Descriptor	0x0044a728
symbol	RTTI_Type_Descriptor	0x0044a740
symbol	RTTI_Type_Descriptor	0x0044a760
symbol	RTTI_Type_Descriptor	0x0044a780
symbol	RTTI_Type_Descriptor	0x0044a7c0
symbol	RTTI_Type_Descriptor	0x0044a7d8
symbol	RTTI_Type_Descriptor	0x0044a7f0
symbol	RTTI_Type_Descriptor	0x0044a808
symbol	RTTI_Type_Descriptor	0x0044a828
symbol	RTTI_Type_Descriptor	0x0044a840
symbol	RTTI_Type_Descriptor	0x0044a858
symbol	RTTI_Type_Descriptor	0x0044a870
symbol	RTTI_Type_Descriptor	0x0044a890
symbol	RTTI_Type_Descriptor	0x0044a8a0
symbol	RTTI_Type_Descriptor	0x0044a8b8
symbol	RTTI_Type_Descriptor	0x0044a8d8
symbol	RTTI_Type_Descriptor	0x0044a8f8
symbol	RTTI_Type_Descriptor	0x0044a918
symbol	RTTI_Type_Descriptor	0x0044a940
symbol	RTTI_Type_Descriptor	0x0044a960
symbol	RTTI_Type_Descriptor	0x0044a980
symbol	RTTI_Type_Descriptor	0x0044a9a0
symbol	RTTI_Type_Descriptor	0x0044a9c0
symbol	RTTI_Type_Descriptor	0x0044a9e8
symbol	RTTI_Type_Descriptor	0x0044aa08
symbol	RTTI_Type_Descriptor	0x0044aa30
symbol	RTTI_Type_Descriptor	0x0044aa50
symbol	RTTI_Type_Descriptor	0x0044aa68
symbol	RTTI_Type_Descriptor	0x0044aa88
symbol	RTTI_Type_Descriptor	0x0044aaa8
symbol	RTTI_Type_Descriptor	0x0044aad0
symbol	RTTI_Type_Descriptor	0x0044ab00
symbol	RTTI_Type_Descriptor	0x0044ab20
symbol	RTTI_Type_Descriptor	0x0044ab38
symbol	RTTI_Type_Descriptor	0x0044ab50
symbol	RTTI_Type_Descriptor	0x0044ab88
symbol	RTTI_Type_Descriptor	0x0044aba8
symbol	RTTI_Type_Descriptor	0x0044abc8
symbol	RTTI_Type_Descriptor	0x0044abe8
symbol	RTTI_Type_Descriptor	0x0044ac08
symbol	RTTI_Type_Descriptor	0x0044ac28
symbol	RTTI_Type_Descriptor	0x0044ac40
symbol	RTTI_Type_Descriptor	0x0044ac58
symbol	RTTI_Type_Descriptor	0x0044ac88
symbol	RTTI_Type_Descriptor	0x0044dc50
symbol	RTTI_Type_Descriptor	0x0044dc68
symbol	RTTI_Type_Descriptor	0x0044dc88
symbol	RTTI_Type_Descriptor	0x0044dca8
symbol	RTTI_Type_Descriptor	0x0044dcd0
symbol	RTTI_Type_Descriptor	0x0044dcf0
symbol	RTTI_Type_Descriptor	0x0044dd28
symbol	RTTI_Type_Descriptor	0x0044dd68
symbol	RTTI_Type_Descriptor	0x0044dda8
symbol	RTTI_Type_Descriptor	0x0044dde8
symbol	RTTI_Type_Descriptor	0x0044de28
symbol	RTTI_Type_Descriptor	0x0044de48
symbol	RTTI_Type_Descriptor	0x0044de70
symbol	RTTI_Type_Descriptor	0x0044dea8
symbol	RTTI_Type_Descriptor	0x0044dee8
symbol	RTTI_Type_Descriptor	0x0044df28
symbol	RTTI_Type_Descriptor	0x0044df68
symbol	RTTI_Type_Descriptor	0x0044dfa8
symbol	RTTI_Type_Descriptor	0x0044dfc8
symbol	RTTI_Type_Descriptor	0x0044e4d8
symbol	RTTI_Type_Descriptor	0x0044e500
symbol	RTTI_Type_Descriptor	0x0044ec68
symbol	Rsrc_Bitmap_TITLE_BG_411	0x00457730
symbol	Rsrc_Bitmap_BTN_CANCEL_UP_411	0x004ff0a0
symbol	Rsrc_Bitmap_BTN_CANCEL_DN_411	0x00501110
symbol	Rsrc_Bitmap_BTN_CANCEL_MO_411	0x00503180
symbol	Rsrc_Bitmap_BTN_CANCEL_DS_411	0x005051f0
symbol	Rsrc_Dialog_82_411	0x00507260
symbol	Rsrc_Version_1_411	0x00507380
symbol	Rsrc_Icon_1_411	0x005076e0
symbol	Rsrc_GroupIcon_65_411	0x00507f88
symbol	Rsrc_Cursor_2_411	0x00507fa0
symbol	Rsrc_Cursor_3_411	0x005080d8
symbol	Rsrc_GroupCursor_7901_411	0x00508190
symbol	Rsrc_Bitmap_67c7_411	0x005081b8
symbol	Rsrc_Dialog_7801_411	0x005087a0
symbol	Rsrc_Bitmap_7912_411	0x00508890
symbol	Rsrc_Bitmap_7913_411	0x00508948
symbol	Rsrc_Bitmap_7914_411	0x00508ab8
symbol	Rsrc_StringTable_1_411	0x00508c00
symbol	Rsrc_StringTable_2_411	0x00508d68
symbol	Rsrc_StringTable_3_411	0x00509000
symbol	Rsrc_StringTable_f01_411	0x00509048
symbol	Rsrc_StringTable_f02_411	0x005090b0
symbol	Rsrc_StringTable_f03_411	0x005090e0
symbol	Rsrc_StringTable_f11_411	0x005091a8
symbol	Rsrc_StringTable_f19_411	0x00509518
symbol	Rsrc_StringTable_f13_411	0x00509598
symbol	Rsrc_StringTable_f12_411	0x00509730
symbol	Rsrc_StringTable_f1b_411	0x005098a8
symbol	Rsrc_StringTable_f1c_411	0x00509b90
symbol	Rsrc_StringTable_f1a_411	0x00509cf8
symbol	Rsrc_StringTable_f1d_411	0x00509d88
symbol	ExceptionList	0xffdff000
symbol	StackBase	0xffdff004
symbol	StackLimit	0xffdff008
symbol	SubSystemTib	0xffdff00c
symbol	FiberData	0xffdff010
symbol	ArbitraryUserPointer	0xffdff014
symbol	Self	0xffdff018
symbol	EnvironmentPointer	0xffdff01c
symbol	ClientId	0xffdff020
symbol	ActiveRpcHandle	0xffdff028
symbol	ThreadLocalStoragePointer	0xffdff02c
symbol	ProcessEnvironmentBlock	0xffdff030
symbol	LastErrorValue	0xffdff034
symbol	CountOfOwnedCriticalSections	0xffdff038
symbol	CsrClientThread	0xffdff03c
symbol	Win32ThreadInfo	0xffdff040
symbol	User32Reserved	0xffdff044
symbol	UserReserved	0xffdff0ac
symbol	WOW32Reserved	0xffdff0c0
symbol	CurrentLocale	0xffdff0c4
symbol	FpSoftwareStatusRegister	0xffdff0c8
symbol	SystemReserved1	0xffdff0cc
symbol	ExceptionCode	0xffdff1a4
symbol	ActivationContextStackPointer	0xffdff1a8
symbol	SpareBytes	0xffdff1ac
symbol	TxFsContext	0xffdff1d0
symbol	GdiTebBatch	0xffdff1d4
symbol	RealClientId	0xffdff6b4
symbol	GdiCachedProcessHandle	0xffdff6bc
symbol	GdiClientPID	0xffdff6c0
symbol	GdiCLientTID	0xffdff6c4
symbol	GdiThreadLocalInfo	0xffdff6c8
symbol	Win32ClientInfo	0xffdff6cc
symbol	glDispatchTable	0xffdff7c4
symbol	glReserved1	0xffdffb68
symbol	glReserved2	0xffdffbdc
symbol	glSectionInfo	0xffdffbe0
symbol	glSection	0xffdffbe4
symbol	glTable	0xffdffbe8
symbol	glCurrentRC	0xffdffbec
symbol	glContext	0xffdffbf0
symbol	LastStatusValue	0xffdffbf4
symbol	StaticUnicodeBuffer	0xffdffc00
symbol	DeallocationStack	0xffdffe0c
symbol	TlsSlots	0xffdffe10
symbol	TlsLinks.Flink	0xffdfff10
symbol	TlsLinks.Blink	0xffdfff14
symbol	Vdm	0xffdfff18
symbol	ReservedForNtRpc	0xffdfff1c
symbol	DbgSsReserved	0xffdfff20
symbol	HardErrorMode	0xffdfff28
symbol	Instrumentation	0xffdfff2c
symbol	ActivityId	0xffdfff50
symbol	SubProcessTag	0xffdfff60
symbol	EtwLocalData	0xffdfff64
symbol	EtwTraceData	0xffdfff68
symbol	WinSockData	0xffdfff6c
symbol	GdiBatchCount	0xffdfff70
symbol	IdealProcessorValue	0xffdfff74
symbol	GuaranteedStackBytes	0xffdfff78
symbol	ReservedForPerf	0xffdfff7c
symbol	ReservedForOle	0xffdfff80
symbol	WaitingOnLoaderLock	0xffdfff84
symbol	SavedPriorityState	0xffdfff88
symbol	SoftPatchPtr1	0xffdfff8c
symbol	ThreadPoolData	0xffdfff90
symbol	TlsExpansionSlots	0xffdfff94
symbol	MuiGeneration	0xffdfff98
symbol	IsImpersonating	0xffdfff9c
symbol	NlsCache	0xffdfffa0
symbol	pShimData	0xffdfffa4
symbol	HeapVirtualAffinity	0xffdfffa8
symbol	CurrentTransactionHandle	0xffdfffac
symbol	ActiveFrame	0xffdfffb0
symbol	FlsData	0xffdfffb4
symbol	PreferredLanguages	0xffdfffb8
symbol	UserPrefLanguages	0xffdfffbc
symbol	MergedPrefLanguages	0xffdfffc0
symbol	MuiImpersonation	0xffdfffc4
symbol	CrossTebFlags	0xffdfffc8
symbol	SameTebFlags	0xffdfffca
symbol	TxnScopeEnterCallback	0xffdfffcc
symbol	TxnScopeExitCallback	0xffdfffd0
symbol	TxnScopeContext	0xffdfffd4
symbol	LockCount	0xffdfffd8
symbol	ResourceRetValue	0xffdfffe0
