import	DSETUP.DLL	Ordinal_5	0xEXTERNAL:00000001
import	DSETUP.DLL	Ordinal_11	0xEXTERNAL:00000002
import	KERNEL32.DLL	SetStdHandle	0xEXTERNAL:00000003
import	KERNEL32.DLL	GetFileType	0xEXTERNAL:00000004
import	KERNEL32.DLL	GetCommandLineA	0xEXTERNAL:00000005
import	KERNEL32.DLL	TerminateProcess	0xEXTERNAL:00000006
import	KERNEL32.DLL	ExitProcess	0xEXTERNAL:00000007
import	KERNEL32.DLL	GetTimeZoneInformation	0xEXTERNAL:00000008
import	KERNEL32.DLL	HeapSize	0xEXTERNAL:00000009
import	KERNEL32.DLL	GetACP	0xEXTERNAL:0000000a
import	KERNEL32.DLL	GetStartupInfoA	0xEXTERNAL:0000000b
import	KERNEL32.DLL	GetVersionExA	0xEXTERNAL:0000000c
import	KERNEL32.DLL	HeapDestroy	0xEXTERNAL:0000000d
import	KERNEL32.DLL	HeapCreate	0xEXTERNAL:0000000e
import	KERNEL32.DLL	VirtualFree	0xEXTERNAL:0000000f
import	KERNEL32.DLL	HeapReAlloc	0xEXTERNAL:00000010
import	KERNEL32.DLL	HeapAlloc	0xEXTERNAL:00000011
import	KERNEL32.DLL	GetEnvironmentVariableA	0xEXTERNAL:00000012
import	KERNEL32.DLL	GetStringTypeA	0xEXTERNAL:00000013
import	KERNEL32.DLL	GetStringTypeW	0xEXTERNAL:00000014
import	KERNEL32.DLL	UnhandledExceptionFilter	0xEXTERNAL:00000015
import	KERNEL32.DLL	FreeEnvironmentStringsA	0xEXTERNAL:00000016
import	KERNEL32.DLL	FreeEnvironmentStringsW	0xEXTERNAL:00000017
import	KERNEL32.DLL	SetUnhandledExceptionFilter	0xEXTERNAL:00000018
import	KERNEL32.DLL	VirtualAlloc	0xEXTERNAL:00000019
import	KERNEL32.DLL	GetStdHandle	0xEXTERNAL:0000001a
import	KERNEL32.DLL	IsBadReadPtr	0xEXTERNAL:0000001b
import	KERNEL32.DLL	IsBadCodePtr	0xEXTERNAL:0000001c
import	KERNEL32.DLL	HeapFree	0xEXTERNAL:0000001d
import	KERNEL32.DLL	CompareStringW	0xEXTERNAL:0000001e
import	KERNEL32.DLL	SetEnvironmentVariableA	0xEXTERNAL:0000001f
import	KERNEL32.DLL	RaiseException	0xEXTERNAL:00000020
import	KERNEL32.DLL	RtlUnwind	0xEXTERNAL:00000021
import	KERNEL32.DLL	WritePrivateProfileStringA	0xEXTERNAL:00000022
import	KERNEL32.DLL	GetTickCount	0xEXTERNAL:00000023
import	KERNEL32.DLL	SetErrorMode	0xEXTERNAL:00000024
import	KERNEL32.DLL	GetProcessVersion	0xEXTERNAL:00000025
import	KERNEL32.DLL	GetOEMCP	0xEXTERNAL:00000026
import	KERNEL32.DLL	GetCPInfo	0xEXTERNAL:00000027
import	KERNEL32.DLL	TlsSetValue	0xEXTERNAL:00000028
import	KERNEL32.DLL	TlsGetValue	0xEXTERNAL:00000029
import	KERNEL32.DLL	LocalReAlloc	0xEXTERNAL:0000002a
import	KERNEL32.DLL	TlsFree	0xEXTERNAL:0000002b
import	KERNEL32.DLL	EnterCriticalSection	0xEXTERNAL:0000002c
import	KERNEL32.DLL	LeaveCriticalSection	0xEXTERNAL:0000002d
import	KERNEL32.DLL	TlsAlloc	0xEXTERNAL:0000002e
import	KERNEL32.DLL	GlobalHandle	0xEXTERNAL:0000002f
import	KERNEL32.DLL	DeleteCriticalSection	0xEXTERNAL:00000030
import	KERNEL32.DLL	SizeofResource	0xEXTERNAL:00000031
import	KERNEL32.DLL	InitializeCriticalSection	0xEXTERNAL:00000032
import	KERNEL32.DLL	LocalAlloc	0xEXTERNAL:00000033
import	KERNEL32.DLL	GlobalFlags	0xEXTERNAL:00000034
import	KERNEL32.DLL	IsBadWritePtr	0xEXTERNAL:00000035
import	KERNEL32.DLL	CreateProcessA	0xEXTERNAL:00000036
import	KERNEL32.DLL	CloseHandle	0xEXTERNAL:00000037
import	KERNEL32.DLL	GetLastError	0xEXTERNAL:00000038
import	KERNEL32.DLL	FormatMessageA	0xEXTERNAL:00000039
import	KERNEL32.DLL	GetCurrentDirectoryA	0xEXTERNAL:0000003a
import	KERNEL32.DLL	FindResourceA	0xEXTERNAL:0000003b
import	KERNEL32.DLL	LoadResource	0xEXTERNAL:0000003c
import	KERNEL32.DLL	LockResource	0xEXTERNAL:0000003d
import	KERNEL32.DLL	GlobalReAlloc	0xEXTERNAL:0000003e
import	KERNEL32.DLL	GlobalAlloc	0xEXTERNAL:0000003f
import	KERNEL32.DLL	GlobalFree	0xEXTERNAL:00000040
import	KERNEL32.DLL	GlobalLock	0xEXTERNAL:00000041
import	KERNEL32.DLL	GlobalUnlock	0xEXTERNAL:00000042
import	KERNEL32.DLL	FileTimeToLocalFileTime	0xEXTERNAL:00000043
import	KERNEL32.DLL	lstrcmpA	0xEXTERNAL:00000044
import	KERNEL32.DLL	GetCurrentThread	0xEXTERNAL:00000045
import	KERNEL32.DLL	GetEnvironmentStrings	0xEXTERNAL:00000046
import	KERNEL32.DLL	GetProfileStringA	0xEXTERNAL:00000047
import	KERNEL32.DLL	FileTimeToSystemTime	0xEXTERNAL:00000048
import	KERNEL32.DLL	LocalFree	0xEXTERNAL:00000049
import	KERNEL32.DLL	GetFileTime	0xEXTERNAL:0000004a
import	KERNEL32.DLL	GetFileAttributesA	0xEXTERNAL:0000004b
import	KERNEL32.DLL	GetThreadLocale	0xEXTERNAL:0000004c
import	KERNEL32.DLL	FindFirstFileA	0xEXTERNAL:0000004d
import	KERNEL32.DLL	GetFullPathNameA	0xEXTERNAL:0000004e
import	KERNEL32.DLL	GetVolumeInformationA	0xEXTERNAL:0000004f
import	KERNEL32.DLL	SetEndOfFile	0xEXTERNAL:00000050
import	KERNEL32.DLL	FindClose	0xEXTERNAL:00000051
import	KERNEL32.DLL	FlushFileBuffers	0xEXTERNAL:00000052
import	KERNEL32.DLL	UnlockFile	0xEXTERNAL:00000053
import	KERNEL32.DLL	LockFile	0xEXTERNAL:00000054
import	KERNEL32.DLL	GetCurrentProcess	0xEXTERNAL:00000055
import	KERNEL32.DLL	SetFilePointer	0xEXTERNAL:00000056
import	KERNEL32.DLL	WriteFile	0xEXTERNAL:00000057
import	KERNEL32.DLL	MulDiv	0xEXTERNAL:00000058
import	KERNEL32.DLL	DuplicateHandle	0xEXTERNAL:00000059
import	KERNEL32.DLL	lstrcpynA	0xEXTERNAL:0000005a
import	KERNEL32.DLL	WideCharToMultiByte	0xEXTERNAL:0000005b
import	KERNEL32.DLL	SetLastError	0xEXTERNAL:0000005c
import	KERNEL32.DLL	MultiByteToWideChar	0xEXTERNAL:0000005d
import	KERNEL32.DLL	InterlockedIncrement	0xEXTERNAL:0000005e
import	KERNEL32.DLL	lstrlenA	0xEXTERNAL:0000005f
import	KERNEL32.DLL	InterlockedDecrement	0xEXTERNAL:00000060
import	KERNEL32.DLL	GetVersion	0xEXTERNAL:00000061
import	KERNEL32.DLL	LoadLibraryA	0xEXTERNAL:00000062
import	KERNEL32.DLL	FreeLibrary	0xEXTERNAL:00000063
import	KERNEL32.DLL	GlobalGetAtomNameA	0xEXTERNAL:00000064
import	KERNEL32.DLL	lstrcatA	0xEXTERNAL:00000065
import	KERNEL32.DLL	GetCurrentThreadId	0xEXTERNAL:00000066
import	KERNEL32.DLL	GlobalFindAtomA	0xEXTERNAL:00000067
import	KERNEL32.DLL	lstrcmpiA	0xEXTERNAL:00000068
import	KERNEL32.DLL	GlobalAddAtomA	0xEXTERNAL:00000069
import	KERNEL32.DLL	GetModuleHandleA	0xEXTERNAL:0000006a
import	KERNEL32.DLL	GlobalDeleteAtom	0xEXTERNAL:0000006b
import	KERNEL32.DLL	lstrcpyA	0xEXTERNAL:0000006c
import	KERNEL32.DLL	WinExec	0xEXTERNAL:0000006d
import	KERNEL32.DLL	GetProcAddress	0xEXTERNAL:0000006e
import	KERNEL32.DLL	WaitForSingleObject	0xEXTERNAL:0000006f
import	KERNEL32.DLL	GetModuleFileNameA	0xEXTERNAL:00000070
import	KERNEL32.DLL	ReleaseMutex	0xEXTERNAL:00000071
import	KERNEL32.DLL	CreateMutexA	0xEXTERNAL:00000072
import	KERNEL32.DLL	ReadFile	0xEXTERNAL:00000073
import	KERNEL32.DLL	CreateFileA	0xEXTERNAL:00000074
import	KERNEL32.DLL	GetFileSize	0xEXTERNAL:00000075
import	KERNEL32.DLL	GetEnvironmentStringsW	0xEXTERNAL:00000076
import	KERNEL32.DLL	SetHandleCount	0xEXTERNAL:00000077
import	KERNEL32.DLL	LCMapStringA	0xEXTERNAL:00000078
import	KERNEL32.DLL	LCMapStringW	0xEXTERNAL:00000079
import	KERNEL32.DLL	CompareStringA	0xEXTERNAL:0000007a
import	USER32.DLL	InflateRect	0xEXTERNAL:0000007b
import	USER32.DLL	RegisterClipboardFormatA	0xEXTERNAL:0000007c
import	USER32.DLL	PostThreadMessageA	0xEXTERNAL:0000007d
import	USER32.DLL	GetSysColorBrush	0xEXTERNAL:0000007e
import	USER32.DLL	LoadCursorA	0xEXTERNAL:0000007f
import	USER32.DLL	GetDesktopWindow	0xEXTERNAL:00000080
import	USER32.DLL	PtInRect	0xEXTERNAL:00000081
import	USER32.DLL	GetClassNameA	0xEXTERNAL:00000082
import	USER32.DLL	DestroyMenu	0xEXTERNAL:00000083
import	USER32.DLL	LoadStringA	0xEXTERNAL:00000084
import	USER32.DLL	MapDialogRect	0xEXTERNAL:00000085
import	USER32.DLL	SetWindowContextHelpId	0xEXTERNAL:00000086
import	USER32.DLL	GetMessageA	0xEXTERNAL:00000087
import	USER32.DLL	TranslateMessage	0xEXTERNAL:00000088
import	USER32.DLL	ValidateRect	0xEXTERNAL:00000089
import	USER32.DLL	GetCursorPos	0xEXTERNAL:0000008a
import	USER32.DLL	SetCursor	0xEXTERNAL:0000008b
import	USER32.DLL	PostQuitMessage	0xEXTERNAL:0000008c
import	USER32.DLL	CharUpperA	0xEXTERNAL:0000008d
import	USER32.DLL	GrayStringA	0xEXTERNAL:0000008e
import	USER32.DLL	DrawTextA	0xEXTERNAL:0000008f
import	USER32.DLL	TabbedTextOutA	0xEXTERNAL:00000090
import	USER32.DLL	EndPaint	0xEXTERNAL:00000091
import	USER32.DLL	BeginPaint	0xEXTERNAL:00000092
import	USER32.DLL	GetWindowDC	0xEXTERNAL:00000093
import	USER32.DLL	ClientToScreen	0xEXTERNAL:00000094
import	USER32.DLL	GetMenuCheckMarkDimensions	0xEXTERNAL:00000095
import	USER32.DLL	LoadBitmapA	0xEXTERNAL:00000096
import	USER32.DLL	GetMenuState	0xEXTERNAL:00000097
import	USER32.DLL	SetMenuItemBitmaps	0xEXTERNAL:00000098
import	USER32.DLL	CheckMenuItem	0xEXTERNAL:00000099
import	USER32.DLL	EnableMenuItem	0xEXTERNAL:0000009a
import	USER32.DLL	ShowWindow	0xEXTERNAL:0000009b
import	USER32.DLL	MoveWindow	0xEXTERNAL:0000009c
import	USER32.DLL	SetWindowTextA	0xEXTERNAL:0000009d
import	USER32.DLL	IsDialogMessageA	0xEXTERNAL:0000009e
import	USER32.DLL	PostMessageA	0xEXTERNAL:0000009f
import	USER32.DLL	UpdateWindow	0xEXTERNAL:000000a0
import	USER32.DLL	SendDlgItemMessageA	0xEXTERNAL:000000a1
import	USER32.DLL	MapWindowPoints	0xEXTERNAL:000000a2
import	USER32.DLL	PeekMessageA	0xEXTERNAL:000000a3
import	USER32.DLL	DispatchMessageA	0xEXTERNAL:000000a4
import	USER32.DLL	GetFocus	0xEXTERNAL:000000a5
import	USER32.DLL	SetFocus	0xEXTERNAL:000000a6
import	USER32.DLL	AdjustWindowRectEx	0xEXTERNAL:000000a7
import	USER32.DLL	ScreenToClient	0xEXTERNAL:000000a8
import	USER32.DLL	IsWindowVisible	0xEXTERNAL:000000a9
import	USER32.DLL	CharNextA	0xEXTERNAL:000000aa
import	USER32.DLL	GetTopWindow	0xEXTERNAL:000000ab
import	USER32.DLL	MessageBoxA	0xEXTERNAL:000000ac
import	USER32.DLL	IsChild	0xEXTERNAL:000000ad
import	USER32.DLL	GetCapture	0xEXTERNAL:000000ae
import	USER32.DLL	WinHelpA	0xEXTERNAL:000000af
import	USER32.DLL	wsprintfA	0xEXTERNAL:000000b0
import	USER32.DLL	GetClassInfoA	0xEXTERNAL:000000b1
import	USER32.DLL	RegisterClassA	0xEXTERNAL:000000b2
import	USER32.DLL	GetMenu	0xEXTERNAL:000000b3
import	USER32.DLL	GetMenuItemCount	0xEXTERNAL:000000b4
import	USER32.DLL	GetSubMenu	0xEXTERNAL:000000b5
import	USER32.DLL	GetMenuItemID	0xEXTERNAL:000000b6
import	USER32.DLL	GetWindowTextLengthA	0xEXTERNAL:000000b7
import	USER32.DLL	GetWindowTextA	0xEXTERNAL:000000b8
import	USER32.DLL	GetDlgCtrlID	0xEXTERNAL:000000b9
import	USER32.DLL	GetKeyState	0xEXTERNAL:000000ba
import	USER32.DLL	DefWindowProcA	0xEXTERNAL:000000bb
import	USER32.DLL	CreateWindowExA	0xEXTERNAL:000000bc
import	USER32.DLL	SetWindowsHookExA	0xEXTERNAL:000000bd
import	USER32.DLL	CallNextHookEx	0xEXTERNAL:000000be
import	USER32.DLL	GetClassLongA	0xEXTERNAL:000000bf
import	USER32.DLL	SetPropA	0xEXTERNAL:000000c0
import	USER32.DLL	UnhookWindowsHookEx	0xEXTERNAL:000000c1
import	USER32.DLL	GetPropA	0xEXTERNAL:000000c2
import	USER32.DLL	CallWindowProcA	0xEXTERNAL:000000c3
import	USER32.DLL	RemovePropA	0xEXTERNAL:000000c4
import	USER32.DLL	GetMessageTime	0xEXTERNAL:000000c5
import	USER32.DLL	GetMessagePos	0xEXTERNAL:000000c6
import	USER32.DLL	GetLastActivePopup	0xEXTERNAL:000000c7
import	USER32.DLL	GetForegroundWindow	0xEXTERNAL:000000c8
import	USER32.DLL	SetForegroundWindow	0xEXTERNAL:000000c9
import	USER32.DLL	GetWindow	0xEXTERNAL:000000ca
import	USER32.DLL	SetWindowLongA	0xEXTERNAL:000000cb
import	USER32.DLL	SetWindowPos	0xEXTERNAL:000000cc
import	USER32.DLL	RegisterWindowMessageA	0xEXTERNAL:000000cd
import	USER32.DLL	IntersectRect	0xEXTERNAL:000000ce
import	USER32.DLL	SystemParametersInfoA	0xEXTERNAL:000000cf
import	USER32.DLL	CopyAcceleratorTableA	0xEXTERNAL:000000d0
import	USER32.DLL	MessageBeep	0xEXTERNAL:000000d1
import	USER32.DLL	GetNextDlgGroupItem	0xEXTERNAL:000000d2
import	USER32.DLL	GetWindowPlacement	0xEXTERNAL:000000d3
import	USER32.DLL	GetWindowRect	0xEXTERNAL:000000d4
import	USER32.DLL	GetNextDlgTabItem	0xEXTERNAL:000000d5
import	USER32.DLL	EndDialog	0xEXTERNAL:000000d6
import	USER32.DLL	GetActiveWindow	0xEXTERNAL:000000d7
import	USER32.DLL	SetActiveWindow	0xEXTERNAL:000000d8
import	USER32.DLL	IsWindow	0xEXTERNAL:000000d9
import	USER32.DLL	CreateDialogIndirectParamA	0xEXTERNAL:000000da
import	USER32.DLL	DestroyWindow	0xEXTERNAL:000000db
import	USER32.DLL	GetWindowLongA	0xEXTERNAL:000000dc
import	USER32.DLL	GetDlgItem	0xEXTERNAL:000000dd
import	USER32.DLL	IsWindowEnabled	0xEXTERNAL:000000de
import	USER32.DLL	ExitWindowsEx	0xEXTERNAL:000000df
import	USER32.DLL	MessageBoxExA	0xEXTERNAL:000000e0
import	USER32.DLL	IsIconic	0xEXTERNAL:000000e1
import	USER32.DLL	GetClientRect	0xEXTERNAL:000000e2
import	USER32.DLL	DrawIcon	0xEXTERNAL:000000e3
import	USER32.DLL	GetSystemMenu	0xEXTERNAL:000000e4
import	USER32.DLL	AppendMenuA	0xEXTERNAL:000000e5
import	USER32.DLL	GetSystemMetrics	0xEXTERNAL:000000e6
import	USER32.DLL	LoadIconA	0xEXTERNAL:000000e7
import	USER32.DLL	GetDC	0xEXTERNAL:000000e8
import	USER32.DLL	ReleaseDC	0xEXTERNAL:000000e9
import	USER32.DLL	GetParent	0xEXTERNAL:000000ea
import	USER32.DLL	GetAsyncKeyState	0xEXTERNAL:000000eb
import	USER32.DLL	SendMessageA	0xEXTERNAL:000000ec
import	USER32.DLL	SetRect	0xEXTERNAL:000000ed
import	USER32.DLL	OffsetRect	0xEXTERNAL:000000ee
import	USER32.DLL	InvalidateRect	0xEXTERNAL:000000ef
import	USER32.DLL	CopyRect	0xEXTERNAL:000000f0
import	USER32.DLL	GetSysColor	0xEXTERNAL:000000f1
import	USER32.DLL	EnableWindow	0xEXTERNAL:000000f2
import	USER32.DLL	ModifyMenuA	0xEXTERNAL:000000f3
import	USER32.DLL	HideCaret	0xEXTERNAL:000000f4
import	USER32.DLL	ShowCaret	0xEXTERNAL:000000f5
import	USER32.DLL	ExcludeUpdateRgn	0xEXTERNAL:000000f6
import	USER32.DLL	DrawFocusRect	0xEXTERNAL:000000f7
import	USER32.DLL	DefDlgProcA	0xEXTERNAL:000000f8
import	USER32.DLL	IsWindowUnicode	0xEXTERNAL:000000f9
import	USER32.DLL	UnregisterClassA	0xEXTERNAL:000000fa
import	GDI32.DLL	IntersectClipRect	0xEXTERNAL:000000fb
import	GDI32.DLL	LineTo	0xEXTERNAL:000000fc
import	GDI32.DLL	SetTextAlign	0xEXTERNAL:000000fd
import	GDI32.DLL	MoveToEx	0xEXTERNAL:000000fe
import	GDI32.DLL	DeleteObject	0xEXTERNAL:000000ff
import	GDI32.DLL	SetWindowExtEx	0xEXTERNAL:00000100
import	GDI32.DLL	GetViewportExtEx	0xEXTERNAL:00000101
import	GDI32.DLL	GetWindowExtEx	0xEXTERNAL:00000102
import	GDI32.DLL	GetDeviceCaps	0xEXTERNAL:00000103
import	GDI32.DLL	CreateSolidBrush	0xEXTERNAL:00000104
import	GDI32.DLL	CreatePen	0xEXTERNAL:00000105
import	GDI32.DLL	RectVisible	0xEXTERNAL:00000106
import	GDI32.DLL	TextOutA	0xEXTERNAL:00000107
import	GDI32.DLL	PtVisible	0xEXTERNAL:00000108
import	GDI32.DLL	Escape	0xEXTERNAL:00000109
import	GDI32.DLL	ExtTextOutA	0xEXTERNAL:0000010a
import	GDI32.DLL	GetTextColor	0xEXTERNAL:0000010b
import	GDI32.DLL	GetBkColor	0xEXTERNAL:0000010c
import	GDI32.DLL	LPtoDP	0xEXTERNAL:0000010d
import	GDI32.DLL	GetMapMode	0xEXTERNAL:0000010e
import	GDI32.DLL	DPtoLP	0xEXTERNAL:0000010f
import	GDI32.DLL	PatBlt	0xEXTERNAL:00000110
import	GDI32.DLL	ScaleViewportExtEx	0xEXTERNAL:00000111
import	GDI32.DLL	GetTextExtentPointA	0xEXTERNAL:00000112
import	GDI32.DLL	OffsetViewportOrgEx	0xEXTERNAL:00000113
import	GDI32.DLL	SetViewportOrgEx	0xEXTERNAL:00000114
import	GDI32.DLL	SetViewportExtEx	0xEXTERNAL:00000115
import	GDI32.DLL	GetStockObject	0xEXTERNAL:00000116
import	GDI32.DLL	SelectObject	0xEXTERNAL:00000117
import	GDI32.DLL	SetBkMode	0xEXTERNAL:00000118
import	GDI32.DLL	SaveDC	0xEXTERNAL:00000119
import	GDI32.DLL	RestoreDC	0xEXTERNAL:0000011a
import	GDI32.DLL	CreateBitmap	0xEXTERNAL:0000011b
import	GDI32.DLL	SetBkColor	0xEXTERNAL:0000011c
import	GDI32.DLL	DeleteDC	0xEXTERNAL:0000011d
import	GDI32.DLL	GetClipBox	0xEXTERNAL:0000011e
import	GDI32.DLL	SetTextColor	0xEXTERNAL:0000011f
import	GDI32.DLL	BitBlt	0xEXTERNAL:00000120
import	GDI32.DLL	CreateFontA	0xEXTERNAL:00000121
import	GDI32.DLL	CreateDIBitmap	0xEXTERNAL:00000122
import	GDI32.DLL	CreateCompatibleDC	0xEXTERNAL:00000123
import	GDI32.DLL	GetObjectA	0xEXTERNAL:00000124
import	GDI32.DLL	CreatePalette	0xEXTERNAL:00000125
import	GDI32.DLL	SelectPalette	0xEXTERNAL:00000126
import	GDI32.DLL	RealizePalette	0xEXTERNAL:00000127
import	GDI32.DLL	SetMapMode	0xEXTERNAL:00000128
import	GDI32.DLL	ScaleWindowExtEx	0xEXTERNAL:00000129
import	GDI32.DLL	GetTextMetricsA	0xEXTERNAL:0000012a
import	COMDLG32.DLL	GetFileTitleA	0xEXTERNAL:0000012b
import	WINSPOOL.DRV	OpenPrinterA	0xEXTERNAL:0000012c
import	WINSPOOL.DRV	DocumentPropertiesA	0xEXTERNAL:0000012d
import	WINSPOOL.DRV	ClosePrinter	0xEXTERNAL:0000012e
import	ADVAPI32.DLL	RegCreateKeyExA	0xEXTERNAL:0000012f
import	ADVAPI32.DLL	RegCloseKey	0xEXTERNAL:00000130
import	ADVAPI32.DLL	RegQueryValueExA	0xEXTERNAL:00000131
import	ADVAPI32.DLL	RegOpenKeyExA	0xEXTERNAL:00000132
import	ADVAPI32.DLL	RegSetValueExA	0xEXTERNAL:00000133
import	SHELL32.DLL	ShellExecuteA	0xEXTERNAL:00000134
import	COMCTL32.DLL	_TrackMouseEvent	0xEXTERNAL:00000135
import	COMCTL32.DLL	InitCommonControls	0xEXTERNAL:00000136
import	OLEDLG.DLL	OleUIBusyA	0xEXTERNAL:00000137
import	OLE32.DLL	OleUninitialize	0xEXTERNAL:00000138
import	OLE32.DLL	CoFreeUnusedLibraries	0xEXTERNAL:00000139
import	OLE32.DLL	OleInitialize	0xEXTERNAL:0000013a
import	OLE32.DLL	StgOpenStorageOnILockBytes	0xEXTERNAL:0000013b
import	OLE32.DLL	CLSIDFromString	0xEXTERNAL:0000013c
import	OLE32.DLL	CLSIDFromProgID	0xEXTERNAL:0000013d
import	OLE32.DLL	OleIsCurrentClipboard	0xEXTERNAL:0000013e
import	OLE32.DLL	StgCreateDocfileOnILockBytes	0xEXTERNAL:0000013f
import	OLE32.DLL	CoGetClassObject	0xEXTERNAL:00000140
import	OLE32.DLL	CoRegisterMessageFilter	0xEXTERNAL:00000141
import	OLE32.DLL	CoRevokeClassObject	0xEXTERNAL:00000142
import	OLE32.DLL	OleFlushClipboard	0xEXTERNAL:00000143
import	OLE32.DLL	CoTaskMemFree	0xEXTERNAL:00000144
import	OLE32.DLL	CoTaskMemAlloc	0xEXTERNAL:00000145
import	OLE32.DLL	CreateILockBytesOnHGlobal	0xEXTERNAL:00000146
import	OLEPRO32.DLL	OleCreateFontIndirect	0xEXTERNAL:00000147
import	OLEAUT32.DLL	SysFreeString	0xEXTERNAL:00000148
import	OLEAUT32.DLL	SysStringLen	0xEXTERNAL:00000149
import	OLEAUT32.DLL	SysAllocStringByteLen	0xEXTERNAL:0000014a
import	OLEAUT32.DLL	VariantChangeType	0xEXTERNAL:0000014b
import	OLEAUT32.DLL	SysAllocString	0xEXTERNAL:0000014c
import	OLEAUT32.DLL	VariantCopy	0xEXTERNAL:0000014d
import	OLEAUT32.DLL	VariantTimeToSystemTime	0xEXTERNAL:0000014e
import	OLEAUT32.DLL	VariantClear	0xEXTERNAL:0000014f
import	OLEAUT32.DLL	SysAllocStringLen	0xEXTERNAL:00000150
symbol	xMonitorFromWindow	0x00403ede
symbol	_xMonitorFromWindow@8	0x00403ede
symbol	GetOwner	0x00403fdc
symbol	?GetOwner@CWnd@@QBEPAV1@XZ	0x00403fdc
symbol	CreateContainer	0x00404409
symbol	?CreateContainer@COccManager@@UAEPAVCOleControlContainer@@PAVCWnd@@@Z	0x00404409
symbol	CreateSite	0x00404440
symbol	?CreateSite@COccManager@@UAEPAVCOleControlSite@@PAVCOleControlContainer@@@Z	0x00404440
symbol	Catch@00404d79	0x00404d79
symbol	Catch@0040501d	0x0040501d
symbol	Catch@00405126	0x00405126
symbol	Catch@00405392	0x00405392
symbol	switchD	0x00405485
symbol	caseD_fffffd35	0x0040548c
symbol	caseD_fffffd36	0x0040548c
symbol	caseD_fffffd3b	0x0040548c
symbol	caseD_fffffd3e	0x0040548c
symbol	caseD_fffffd38	0x0040549e
symbol	caseD_fffffd39	0x0040549e
symbol	caseD_fffffd3a	0x0040549e
symbol	caseD_fffffd34	0x004054b0
symbol	caseD_fffffd40	0x004054e0
symbol	caseD_fffffd43	0x004054e0
symbol	caseD_fffffd41	0x00405547
symbol	caseD_fffffd37	0x00405583
symbol	caseD_fffffd3f	0x0040559d
symbol	caseD_fffffd42	0x004055b0
symbol	caseD_fffffd3d	0x004055d8
symbol	caseD_fffffd3c	0x00405618
symbol	switchdataD_0040562a	0x0040562a
symbol	Catch@00405b1c	0x00405b1c
symbol	Catch@00405d4f	0x00405d4f
symbol	DetachWindow	0x00406d50
symbol	Catch@00406f20	0x00406f20
symbol	Catch@00406f91	0x00406f91
symbol	Catch@00406fda	0x00406fda
symbol	Catch@00407042	0x00407042
symbol	Catch@0040719d	0x0040719d
symbol	Catch@004071c4	0x004071c4
symbol	Catch@0040742d	0x0040742d
symbol	Catch@0040748f	0x0040748f
symbol	Catch@00408808	0x00408808
symbol	Catch@0040886d	0x0040886d
symbol	Catch@00408961	0x00408961
symbol	Catch@00408a0b	0x00408a0b
symbol	Catch@0040a2b1	0x0040a2b1
symbol	CDataBoundProperty	0x0040a3c8
symbol	??0CDataBoundProperty@@QAE@PAV0@JG@Z	0x0040a3c8
symbol	OKToDo	0x0040a5ab
symbol	?OKToDo@XNotifyDBEvents@COleControlSite@@UAGJKKQAUtagDBNOTIFYREASON@@@Z	0x0040a5ab
symbol	SyncBefore	0x0040a627
symbol	?SyncBefore@XNotifyDBEvents@COleControlSite@@UAGJKKQAUtagDBNOTIFYREASON@@@Z	0x0040a627
symbol	SyncAfter	0x0040a6b1
symbol	?SyncAfter@XNotifyDBEvents@COleControlSite@@UAGJKKQAUtagDBNOTIFYREASON@@@Z	0x0040a6b1
symbol	switchD	0x0040a795
symbol	caseD_4	0x0040a79c
symbol	caseD_5	0x0040a79c
symbol	caseD_d	0x0040a79c
symbol	caseD_e	0x0040a79c
symbol	caseD_11	0x0040a79c
symbol	caseD_12	0x0040a79c
symbol	caseD_16	0x0040a79c
symbol	caseD_1a	0x0040a79c
symbol	caseD_1b	0x0040a79c
symbol	caseD_1c	0x0040a79c
symbol	caseD_1d	0x0040a79c
symbol	caseD_1e	0x0040a79c
symbol	caseD_19	0x0040a7a7
symbol	caseD_6	0x0040a7ab
symbol	caseD_7	0x0040a7ab
symbol	caseD_8	0x0040a7ab
symbol	caseD_b	0x0040a7ab
symbol	caseD_c	0x0040a7ab
symbol	caseD_f	0x0040a7ab
symbol	caseD_10	0x0040a7ab
symbol	caseD_13	0x0040a7ab
symbol	caseD_15	0x0040a7ab
symbol	caseD_2	0x0040a7af
symbol	caseD_14	0x0040a7af
symbol	caseD_1f	0x0040a7b3
symbol	caseD_3	0x0040a7b7
symbol	caseD_9	0x0040a7b7
symbol	caseD_a	0x0040a7b7
symbol	caseD_17	0x0040a7b7
symbol	caseD_1	0x0040a7bb
symbol	caseD_18	0x0040a7bf
symbol	switchdataD_0040a7ed	0x0040a7ed
symbol	switchdataD_0040a80d	0x0040a80d
symbol	AFX_EVENT	0x0040aad9
symbol	??0AFX_EVENT@@QAE@H@Z	0x0040aad9
symbol	_AfxGetDlgCode	0x0040aafc
symbol	?_AfxGetDlgCode@@YGKPAVCWnd@@PAUtagMSG@@@Z	0x0040aafc
symbol	_AfxDlgSetFocus	0x0040ab2a
symbol	?_AfxDlgSetFocus@@YGXPAVCWnd@@@Z	0x0040ab2a
symbol	GetDefBtnCode	0x0040af40
symbol	?GetDefBtnCode@COccManager@@SAKPAVCWnd@@@Z	0x0040af40
symbol	_AfxRemoveDefaultButton	0x0040af61
symbol	?_AfxRemoveDefaultButton@@YGXPAVCWnd@@0@Z	0x0040af61
symbol	Catch@0040b466	0x0040b466
symbol	CheckError	0x0040b510
symbol	?CheckError@@YGXJ@Z	0x0040b510
symbol	__global_unwind2	0x0040bb48
symbol	__local_unwind2	0x0040bb8a
symbol	__abnormal_termination	0x0040bbf2
symbol	__NLG_Notify1	0x0040bc15
symbol	__CxxThrowException@8	0x0040bc7b
symbol	__ftol	0x0040bd08
symbol	_malloc	0x0040bf38
symbol	__nh_malloc	0x0040bf4a
symbol	entry	0x0040c685
symbol	__amsg_exit	0x0040c78d
symbol	_memset	0x0040c7e0
symbol	_memcmp	0x0040c860
symbol	switchD	0x0040c945
symbol	default	0x0040c958
symbol	switchD	0x0040c95d
symbol	switchD	0x0040c964
symbol	switchD	0x0040c96c
symbol	switchdataD_0040c974	0x0040c974
symbol	caseD_1	0x0040c980
symbol	switchD	0x0040c9a2
symbol	caseD_2	0x0040c9ac
symbol	switchD	0x0040c9c8
symbol	caseD_3	0x0040c9d0
symbol	switchD	0x0040c9e2
symbol	switchdataD_0040c9ec	0x0040c9ec
symbol	caseD_7	0x0040ca0c
symbol	caseD_6	0x0040ca14
symbol	caseD_5	0x0040ca1c
symbol	caseD_4	0x0040ca24
symbol	caseD_3	0x0040ca2c
symbol	caseD_2	0x0040ca34
symbol	caseD_1	0x0040ca3c
symbol	caseD_0	0x0040ca4f
symbol	switchD	0x0040ca4f
symbol	switchdataD_0040ca58	0x0040ca58
symbol	caseD_0	0x0040ca68
symbol	caseD_0	0x0040ca68
symbol	caseD_0	0x0040ca68
symbol	caseD_0	0x0040ca68
symbol	caseD_0	0x0040ca68
symbol	caseD_0	0x0040ca68
symbol	caseD_1	0x0040ca70
symbol	caseD_1	0x0040ca70
symbol	caseD_1	0x0040ca70
symbol	caseD_1	0x0040ca70
symbol	caseD_1	0x0040ca70
symbol	caseD_1	0x0040ca70
symbol	caseD_2	0x0040ca7c
symbol	caseD_2	0x0040ca7c
symbol	caseD_2	0x0040ca7c
symbol	caseD_2	0x0040ca7c
symbol	caseD_2	0x0040ca7c
symbol	caseD_2	0x0040ca7c
symbol	caseD_3	0x0040ca90
symbol	caseD_3	0x0040ca90
symbol	caseD_3	0x0040ca90
symbol	caseD_3	0x0040ca90
symbol	caseD_3	0x0040ca90
symbol	caseD_3	0x0040ca90
symbol	switchD	0x0040cac7
symbol	switchD	0x0040cad2
symbol	default	0x0040cae8
symbol	switchD	0x0040caed
symbol	switchD	0x0040caf4
symbol	switchdataD_0040cafc	0x0040cafc
symbol	caseD_1	0x0040cb08
symbol	switchD	0x0040cb1e
symbol	caseD_2	0x0040cb28
symbol	switchD	0x0040cb48
symbol	caseD_3	0x0040cb50
symbol	switchD	0x0040cb7a
symbol	switchdataD_0040cb84	0x0040cb84
symbol	caseD_7	0x0040cba4
symbol	caseD_6	0x0040cbac
symbol	caseD_5	0x0040cbb4
symbol	caseD_4	0x0040cbbc
symbol	caseD_3	0x0040cbc4
symbol	caseD_2	0x0040cbcc
symbol	caseD_1	0x0040cbd4
symbol	caseD_0	0x0040cbe7
symbol	switchD	0x0040cbe7
symbol	switchdataD_0040cbf0	0x0040cbf0
symbol	caseD_0	0x0040cc00
symbol	caseD_0	0x0040cc00
symbol	caseD_0	0x0040cc00
symbol	caseD_0	0x0040cc00
symbol	caseD_0	0x0040cc00
symbol	caseD_0	0x0040cc00
symbol	caseD_1	0x0040cc08
symbol	caseD_1	0x0040cc08
symbol	caseD_1	0x0040cc08
symbol	caseD_1	0x0040cc08
symbol	caseD_1	0x0040cc08
symbol	caseD_1	0x0040cc08
symbol	caseD_2	0x0040cc18
symbol	caseD_2	0x0040cc18
symbol	caseD_2	0x0040cc18
symbol	caseD_2	0x0040cc18
symbol	caseD_2	0x0040cc18
symbol	caseD_2	0x0040cc18
symbol	caseD_3	0x0040cc2c
symbol	caseD_3	0x0040cc2c
symbol	caseD_3	0x0040cc2c
symbol	caseD_3	0x0040cc2c
symbol	caseD_3	0x0040cc2c
symbol	caseD_3	0x0040cc2c
symbol	switchD	0x0040d045
symbol	default	0x0040d058
symbol	switchD	0x0040d05d
symbol	switchD	0x0040d064
symbol	switchD	0x0040d06c
symbol	switchdataD_0040d074	0x0040d074
symbol	caseD_1	0x0040d080
symbol	switchD	0x0040d0a2
symbol	caseD_2	0x0040d0ac
symbol	switchD	0x0040d0c8
symbol	caseD_3	0x0040d0d0
symbol	switchD	0x0040d0e2
symbol	switchdataD_0040d0ec	0x0040d0ec
symbol	caseD_7	0x0040d10c
symbol	caseD_6	0x0040d114
symbol	caseD_5	0x0040d11c
symbol	caseD_4	0x0040d124
symbol	caseD_3	0x0040d12c
symbol	caseD_2	0x0040d134
symbol	caseD_1	0x0040d13c
symbol	caseD_0	0x0040d14f
symbol	switchD	0x0040d14f
symbol	switchdataD_0040d158	0x0040d158
symbol	caseD_0	0x0040d168
symbol	caseD_0	0x0040d168
symbol	caseD_0	0x0040d168
symbol	caseD_0	0x0040d168
symbol	caseD_0	0x0040d168
symbol	caseD_0	0x0040d168
symbol	caseD_1	0x0040d170
symbol	caseD_1	0x0040d170
symbol	caseD_1	0x0040d170
symbol	caseD_1	0x0040d170
symbol	caseD_1	0x0040d170
symbol	caseD_1	0x0040d170
symbol	caseD_2	0x0040d17c
symbol	caseD_2	0x0040d17c
symbol	caseD_2	0x0040d17c
symbol	caseD_2	0x0040d17c
symbol	caseD_2	0x0040d17c
symbol	caseD_2	0x0040d17c
symbol	caseD_3	0x0040d190
symbol	caseD_3	0x0040d190
symbol	caseD_3	0x0040d190
symbol	caseD_3	0x0040d190
symbol	caseD_3	0x0040d190
symbol	caseD_3	0x0040d190
symbol	switchD	0x0040d1c7
symbol	switchD	0x0040d1d2
symbol	default	0x0040d1e8
symbol	switchD	0x0040d1ed
symbol	switchD	0x0040d1f4
symbol	switchdataD_0040d1fc	0x0040d1fc
symbol	caseD_1	0x0040d208
symbol	switchD	0x0040d21e
symbol	caseD_2	0x0040d228
symbol	switchD	0x0040d248
symbol	caseD_3	0x0040d250
symbol	switchD	0x0040d27a
symbol	switchdataD_0040d284	0x0040d284
symbol	caseD_7	0x0040d2a4
symbol	caseD_6	0x0040d2ac
symbol	caseD_5	0x0040d2b4
symbol	caseD_4	0x0040d2bc
symbol	caseD_3	0x0040d2c4
symbol	caseD_2	0x0040d2cc
symbol	caseD_1	0x0040d2d4
symbol	caseD_0	0x0040d2e7
symbol	switchD	0x0040d2e7
symbol	switchdataD_0040d2f0	0x0040d2f0
symbol	caseD_0	0x0040d300
symbol	caseD_0	0x0040d300
symbol	caseD_0	0x0040d300
symbol	caseD_0	0x0040d300
symbol	caseD_0	0x0040d300
symbol	caseD_0	0x0040d300
symbol	caseD_1	0x0040d308
symbol	caseD_1	0x0040d308
symbol	caseD_1	0x0040d308
symbol	caseD_1	0x0040d308
symbol	caseD_1	0x0040d308
symbol	caseD_1	0x0040d308
symbol	caseD_2	0x0040d318
symbol	caseD_2	0x0040d318
symbol	caseD_2	0x0040d318
symbol	caseD_2	0x0040d318
symbol	caseD_2	0x0040d318
symbol	caseD_2	0x0040d318
symbol	caseD_3	0x0040d32c
symbol	caseD_3	0x0040d32c
symbol	caseD_3	0x0040d32c
symbol	caseD_3	0x0040d32c
symbol	caseD_3	0x0040d32c
symbol	caseD_3	0x0040d32c
symbol	_strlen	0x0040d420
symbol	__exit	0x0040def9
symbol	__CallSettingFrame@12	0x0040ee80
symbol	_strcmp	0x0040f0f0
symbol	__fassign	0x0040f311
symbol	__cfltcvt	0x0040f601
symbol	switchD	0x0040f7fd
symbol	caseD_1	0x0040f804
symbol	caseD_2	0x0040f81f
symbol	caseD_3	0x0040f86b
symbol	caseD_4	0x0040f8a2
symbol	caseD_5	0x0040f8aa
symbol	caseD_6	0x0040f8df
symbol	caseD_0	0x0040f92e
symbol	caseD_7	0x0040f972
symbol	default	0x0040fe97
symbol	switchdataD_0040feb0	0x0040feb0
symbol	_strchr	0x00412240
symbol	__strrev	0x00412340
symbol	_strstr	0x00412520
symbol	_strrchr	0x00412620
symbol	_strncmp	0x00412650
symbol	__aulldiv	0x00413460
symbol	__aullrem	0x004134d0
symbol	_strncpy	0x00413dd0
symbol	___add_12	0x004143c7
symbol	switchD	0x004145aa
symbol	caseD_0	0x004145b1
symbol	caseD_1	0x00414600
symbol	caseD_2	0x00414657
symbol	caseD_3	0x00414681
symbol	caseD_4	0x004146dc
symbol	caseD_5	0x00414753
symbol	caseD_6	0x00414789
symbol	caseD_8	0x004147b2
symbol	caseD_7	0x004147d3
symbol	caseD_b	0x004147ed
symbol	caseD_a	0x00414821
symbol	caseD_9	0x00414837
symbol	switchdataD_004149e8	0x004149e8
symbol	__mbsnbicoll	0x00414cab
symbol	switchD	0x0041792c
symbol	caseD_0	0x00417933
symbol	caseD_1	0x00417933
symbol	caseD_4	0x00417957
symbol	caseD_9	0x00417957
symbol	caseD_2	0x0041795f
symbol	caseD_3	0x0041795f
symbol	caseD_5	0x004179d6
symbol	caseD_6	0x004179d6
symbol	caseD_7	0x004179ea
symbol	caseD_8	0x00417c69
symbol	switchdataD_00417c94	0x00417c94
symbol	switchD	0x00417d51
symbol	caseD_9	0x00417d75
symbol	caseD_b	0x00417d75
symbol	caseD_d	0x00417d75
symbol	caseD_e	0x00417d75
symbol	caseD_7	0x00417d9f
symbol	caseD_8	0x00417da9
symbol	caseD_a	0x00417dcf
symbol	caseD_c	0x00417dd9
symbol	caseD_f	0x00417dfd
symbol	switchdataD_00417f70	0x00417f70
symbol	switchD	0x00418837
symbol	caseD_0	0x0041883e
symbol	caseD_1	0x0041883e
symbol	caseD_2	0x0041883e
symbol	caseD_c	0x0041883e
symbol	caseD_4	0x004188c9
symbol	caseD_7	0x004188c9
symbol	caseD_5	0x004188e9
symbol	caseD_8	0x004188e9
symbol	caseD_10	0x004188e9
symbol	caseD_11	0x004188e9
symbol	caseD_12	0x004188e9
symbol	caseD_6	0x00418934
symbol	caseD_9	0x00418934
symbol	caseD_3	0x0041894c
symbol	caseD_a	0x0041894c
symbol	caseD_b	0x0041894c
symbol	caseD_d	0x0041894c
symbol	caseD_e	0x0041894c
symbol	caseD_f	0x0041894c
symbol	switchdataD_00418954	0x00418954
symbol	switchdataD_0041897c	0x0041897c
symbol	InitString	0x00418db2
symbol	?InitString@CSimpleException@@QAEXXZ	0x00418db2
symbol	Catch@0041946c	0x0041946c
symbol	Catch@004194c5	0x004194c5
symbol	Catch@00419545	0x00419545
symbol	AddTail	0x00419691
symbol	RemoveAll	0x00419791
symbol	AddTail	0x0041984b
symbol	CMap<>	0x00419928
symbol	RemoveAll	0x004199b0
symbol	~CDialog	0x00419d4d
symbol	??1CDialog@@UAE@XZ	0x00419d4d
symbol	Catch@00419f13	0x00419f13
symbol	PreModal	0x00419ff3
symbol	?PreModal@CDialog@@IAEPAUHWND__@@XZ	0x00419ff3
symbol	PostModal	0x0041a02d
symbol	?PostModal@CDialog@@IAEXXZ	0x0041a02d
symbol	Catch@0041a168	0x0041a168
symbol	`scalar_deleting_destructor'	0x0041a58b
symbol	??_GCWnd@@UAEPAXI@Z	0x0041a58b
symbol	Catch@0041a873	0x0041a873
symbol	Detach	0x0041aa08
symbol	?Detach@CWnd@@QAEPAUHWND__@@XZ	0x0041aa08
symbol	Catch@0041ab8f	0x0041ab8f
symbol	~CWnd	0x0041affd
symbol	??1CWnd@@UAE@XZ	0x0041affd
symbol	Catch@0041b59f	0x0041b59f
symbol	AfxFindMessageEntry	0x0041b6dd
symbol	?AfxFindMessageEntry@@YGPBUAFX_MSGMAP_ENTRY@@PBU1@III@Z	0x0041b6dd
symbol	switchD	0x0041b935
symbol	caseD_1	0x0041b93c
symbol	caseD_2	0x0041b94a
symbol	caseD_3	0x0041b952
symbol	caseD_8	0x0041b952
symbol	caseD_2d	0x0041b969
symbol	caseD_4	0x0041b977
symbol	caseD_5	0x0041b9ed
symbol	caseD_6	0x0041ba25
symbol	caseD_7	0x0041ba34
symbol	caseD_9	0x0041ba44
symbol	caseD_2a	0x0041ba44
symbol	caseD_b	0x0041ba4e
symbol	caseD_c	0x0041ba6a
symbol	caseD_d	0x0041ba73
symbol	caseD_f	0x0041ba7b
symbol	caseD_10	0x0041ba8d
symbol	caseD_11	0x0041ba8d
symbol	caseD_13	0x0041ba9b
symbol	caseD_14	0x0041bab9
symbol	caseD_15	0x0041bac7
symbol	caseD_16	0x0041bad1
symbol	caseD_17	0x0041bae5
symbol	caseD_2c	0x0041baea
symbol	caseD_18	0x0041baf2
symbol	caseD_19	0x0041bafd
symbol	caseD_1a	0x0041bb12
symbol	caseD_1b	0x0041bb20
symbol	caseD_1c	0x0041bb29
symbol	caseD_1d	0x0041bb38
symbol	caseD_1e	0x0041bb38
symbol	caseD_e	0x0041bb63
symbol	caseD_12	0x0041bb63
symbol	caseD_25	0x0041bb63
symbol	caseD_2f	0x0041bb63
symbol	caseD_22	0x0041bb70
symbol	caseD_23	0x0041bb7d
symbol	caseD_1f	0x0041bb83
symbol	caseD_24	0x0041bb83
symbol	caseD_30	0x0041bb8a
symbol	caseD_31	0x0041bb9b
symbol	caseD_20	0x0041bbaf
symbol	caseD_2b	0x0041bbaf
symbol	caseD_2e	0x0041bbc0
symbol	caseD_a	0x0041bbf0
symbol	caseD_21	0x0041bbf0
symbol	caseD_26	0x0041bbfb
symbol	caseD_27	0x0041bbfb
symbol	caseD_28	0x0041bbfb
symbol	caseD_29	0x0041bbfb
symbol	switchdataD_0041bc0f	0x0041bc0f
symbol	AfxGetParentOwner	0x0041be41
symbol	?AfxGetParentOwner@@YGPAUHWND__@@PAU1@@Z	0x0041be41
symbol	OnDevModeChange	0x0041c385
symbol	OnDisplayChange	0x0041c434
symbol	?OnDisplayChange@CWnd@@IAEJIJ@Z	0x0041c434
symbol	Catch@0041c677	0x0041c677
symbol	Catch@0041c67d	0x0041c67d
symbol	AfxRegisterWithIcon	0x0041cb66
symbol	GetProperty	0x0041d25d
symbol	?GetProperty@CWnd@@QBEXJGPAX@Z	0x0041d25d
symbol	CCmdUI	0x0041d5f7
symbol	??0CCmdUI@@QAE@XZ	0x0041d5f7
symbol	switchD	0x0041e04a
symbol	caseD_0	0x0041e051
symbol	caseD_4	0x0041e058
symbol	caseD_2	0x0041e05f
symbol	caseD_6	0x0041e05f
symbol	caseD_12	0x0041e05f
symbol	caseD_18	0x0041e093
symbol	switchD	0x0041e0c3
symbol	caseD_3	0x0041e0ca
symbol	caseD_f	0x0041e0ca
symbol	caseD_11	0x0041e0ca
symbol	caseD_34	0x0041e0ca
symbol	caseD_35	0x0041e0ca
symbol	caseD_37	0x0041e0ca
symbol	caseD_14	0x0041e113
symbol	caseD_15	0x0041e113
symbol	caseD_16	0x0041e113
symbol	caseD_17	0x0041e113
symbol	caseD_39	0x0041e113
symbol	caseD_3b	0x0041e113
symbol	caseD_5	0x0041e119
symbol	caseD_c	0x0041e119
symbol	caseD_13	0x0041e119
symbol	caseD_36	0x0041e119
symbol	caseD_3a	0x0041e119
symbol	caseD_b	0x0041e14a
symbol	caseD_3c	0x0041e14a
symbol	caseD_10	0x0041e1b1
symbol	caseD_1	0x0041e203
symbol	caseD_7	0x0041e203
symbol	caseD_8	0x0041e203
symbol	caseD_9	0x0041e203
symbol	caseD_a	0x0041e203
symbol	caseD_d	0x0041e203
symbol	caseD_e	0x0041e203
symbol	caseD_38	0x0041e203
symbol	switchdataD_0041e20a	0x0041e20a
symbol	switchdataD_0041e26e	0x0041e26e
symbol	Catch@0041e92c	0x0041e92c
symbol	AfxGetThread	0x0041ed73
symbol	?AfxGetThread@@YGPAVCWinThread@@XZ	0x0041ed73
symbol	AfxInternalProcessWndProcException	0x0041f0bb
symbol	?AfxInternalProcessWndProcException@@YGJPAVCException@@PBUtagMSG@@@Z	0x0041f0bb
symbol	Detach	0x0041f478
symbol	Catch@0041fa9c	0x0041fa9c
symbol	Detach	0x0041fd12
symbol	?Detach@CDC@@QAEPAUHDC__@@XZ	0x0041fd12
symbol	DeleteDC	0x0041fd43
symbol	?DeleteDC@CDC@@QAEHXZ	0x0041fd43
symbol	LineTo	0x004201cd
symbol	?LineTo@CDC@@QAEHHH@Z	0x004201cd
symbol	FID_conflict:~CClientDC	0x0042037b
symbol	??1CWindowDC@@UAE@XZ	0x0042037b
symbol	??1CClientDC@@UAE@XZ	0x0042037b
symbol	FID_conflict:~CClientDC	0x0042042f
symbol	??1CWindowDC@@UAE@XZ	0x0042042f
symbol	??1CClientDC@@UAE@XZ	0x0042042f
symbol	`scalar_deleting_destructor'	0x004204c7
symbol	??_GCPaintDC@@UAEPAXI@Z	0x004204c7
symbol	~CPaintDC	0x004204e3
symbol	??1CPaintDC@@UAE@XZ	0x004204e3
symbol	Detach	0x004205de
symbol	DDX_Text	0x00420fdd
symbol	`scalar_deleting_destructor'	0x004216f5
symbol	??_GCMemFile@@UAEPAXI@Z	0x004216f5
symbol	~CMemFile	0x0042174d
symbol	??1CMemFile@@UAE@XZ	0x0042174d
symbol	FID_conflict:~CHotKeyCtrl	0x00421a1a
symbol	??1CIPAddressCtrl@@UAE@XZ	0x00421a1a
symbol	??1CEdit@@UAE@XZ	0x00421a1a
symbol	??1CListBox@@UAE@XZ	0x00421a1a
symbol	??1CComboBox@@UAE@XZ	0x00421a1a
symbol	??1CHeaderCtrl@@UAE@XZ	0x00421a1a
symbol	??1CListCtrl@@UAE@XZ	0x00421a1a
symbol	??1CAnimateCtrl@@UAE@XZ	0x00421a1a
symbol	??1CDateTimeCtrl@@UAE@XZ	0x00421a1a
symbol	??1CButton@@UAE@XZ	0x00421a1a
symbol	??1CMonthCalCtrl@@UAE@XZ	0x00421a1a
symbol	??1CHotKeyCtrl@@UAE@XZ	0x00421a1a
symbol	AfxGetModuleThreadState	0x0042243d
symbol	?AfxGetModuleThreadState@@YGPAVAFX_MODULE_THREAD_STATE@@XZ	0x0042243d
symbol	Unlock	0x00422454
symbol	?Unlock@CTypeLibCache@@QAEXXZ	0x00422454
symbol	`scalar_deleting_destructor'	0x00422847
symbol	??_GCWinThread@@UAEPAXI@Z	0x00422847
symbol	CWinThread	0x00422863
symbol	??0CWinThread@@QAE@XZ	0x00422863
symbol	Catch@00422fef	0x00422fef
symbol	GetSectionKey	0x00423618
symbol	_AfxRelease	0x004239b3
symbol	?_AfxRelease@@YGKPAPAUIUnknown@@@Z	0x004239b3
symbol	`scalar_deleting_destructor'	0x00423e0e
symbol	??_GCEnumArray@@UAEPAXI@Z	0x00423e0e
symbol	~CEnumArray	0x00423e2a
symbol	??1CEnumArray@@UAE@XZ	0x00423e2a
symbol	Catch@00423f8f	0x00423f8f
symbol	Catch@00423fff	0x00423fff
symbol	Catch@004240a2	0x004240a2
symbol	FlushClipboard	0x004240b0
symbol	?FlushClipboard@COleDataSource@@SGXXZ	0x004240b0
symbol	GetClipboardOwner	0x004240c0
symbol	?GetClipboardOwner@COleDataSource@@SGPAV1@XZ	0x004240c0
symbol	Catch@00424247	0x00424247
symbol	Catch@004242c3	0x004242c3
symbol	switchD	0x0042464e
symbol	caseD_2	0x00424655
symbol	caseD_5	0x00424699
symbol	caseD_7	0x00424699
symbol	caseD_6	0x004246a0
symbol	caseD_b	0x004246b0
symbol	caseD_c	0x004246bb
symbol	switchD	0x004246cf
symbol	caseD_3	0x004246d6
symbol	caseD_4	0x004246d6
symbol	caseD_8	0x004246d6
symbol	caseD_9	0x004246d6
symbol	caseD_a	0x004246d6
symbol	caseD_d	0x004246d6
symbol	caseD_4002	0x004246d6
symbol	caseD_4003	0x004246d6
symbol	caseD_4004	0x004246d6
symbol	caseD_4005	0x004246d6
symbol	caseD_4006	0x004246d6
symbol	caseD_4007	0x004246d6
symbol	caseD_4008	0x004246d6
symbol	caseD_4009	0x004246d6
symbol	caseD_400a	0x004246d6
symbol	caseD_400b	0x004246d6
symbol	caseD_400c	0x004246d6
symbol	caseD_400d	0x004246d6
symbol	caseD_4012	0x004246d6
symbol	default	0x004246dd
symbol	caseD_400e	0x004246dd
symbol	caseD_400f	0x004246dd
symbol	caseD_4010	0x004246dd
symbol	caseD_4011	0x004246dd
symbol	switchdataD_0042471d	0x0042471d
symbol	switchdataD_0042474d	0x0042474d
symbol	switchD	0x00424939
symbol	caseD_12	0x00424940
symbol	Catch@00424948	0x00424948
symbol	caseD_3	0x0042496e
symbol	caseD_8	0x0042496e
symbol	caseD_9	0x0042496e
symbol	caseD_a	0x0042496e
symbol	caseD_d	0x0042496e
symbol	caseD_4	0x00424973
symbol	caseD_6	0x0042497b
symbol	caseD_5	0x00424989
symbol	caseD_7	0x00424989
symbol	caseD_b	0x00424991
symbol	caseD_2	0x00424995
symbol	caseD_c	0x0042499b
symbol	caseD_e	0x004249df
symbol	caseD_f	0x004249df
symbol	caseD_10	0x004249df
symbol	caseD_11	0x004249df
symbol	switchdataD_004249f5	0x004249f5
symbol	AttachDispatch	0x00424d99
symbol	?AttachDispatch@COleDispatchDriver@@QAEXPAUIDispatch@@H@Z	0x00424d99
symbol	ReleaseDispatch	0x00424db2
symbol	?ReleaseDispatch@COleDispatchDriver@@QAEXXZ	0x00424db2
symbol	switchD	0x00424ebd
symbol	caseD_11	0x00424ec4
symbol	caseD_2	0x00424ed3
symbol	caseD_4	0x00424ee4
symbol	caseD_5	0x00424ef7
symbol	caseD_7	0x00424ef7
symbol	caseD_6	0x00424f0a
symbol	caseD_8	0x00424f21
symbol	caseD_e	0x00424f51
symbol	caseD_b	0x00424fb9
symbol	caseD_c	0x00424fca
symbol	switchD	0x00424fed
symbol	caseD_400b	0x00424ff4
symbol	caseD_3	0x0042500c
symbol	caseD_9	0x0042500c
symbol	caseD_a	0x0042500c
symbol	caseD_d	0x0042500c
symbol	caseD_4003	0x0042500c
symbol	caseD_4004	0x0042500c
symbol	caseD_4005	0x0042500c
symbol	caseD_4006	0x0042500c
symbol	caseD_4007	0x0042500c
symbol	caseD_4008	0x0042500c
symbol	caseD_4009	0x0042500c
symbol	caseD_400a	0x0042500c
symbol	caseD_400c	0x0042500c
symbol	caseD_400d	0x0042500c
symbol	caseD_4011	0x0042500c
symbol	caseD_f	0x00425016
symbol	caseD_10	0x00425016
symbol	caseD_400e	0x00425016
symbol	caseD_400f	0x00425016
symbol	caseD_4010	0x00425016
symbol	switchD	0x004251bc
symbol	caseD_11	0x004251c3
symbol	caseD_2	0x004251cd
symbol	caseD_5	0x004251d9
symbol	caseD_6	0x004251d9
symbol	caseD_7	0x004251d9
symbol	caseD_8	0x004251e9
symbol	caseD_b	0x004251ff
symbol	caseD_c	0x0042520f
symbol	caseD_3	0x0042521b
symbol	caseD_4	0x0042521b
symbol	caseD_9	0x0042521b
symbol	caseD_a	0x0042521b
symbol	caseD_d	0x0042521b
symbol	caseD_e	0x00425223
symbol	caseD_f	0x00425223
symbol	caseD_10	0x00425223
symbol	switchdataD_00425237	0x00425237
symbol	switchdataD_00425277	0x00425277
symbol	switchdataD_004252b3	0x004252b3
symbol	AfxPostQuitMessage	0x00425331
symbol	?AfxPostQuitMessage@@YGXH@Z	0x00425331
symbol	~CWinThread	0x00425354
symbol	??1CWinThread@@UAE@XZ	0x00425354
symbol	Unwind@00425500	0x00425500
symbol	Unwind@00425508	0x00425508
symbol	Unwind@00425513	0x00425513
symbol	Unwind@00425530	0x00425530
symbol	Unwind@00425538	0x00425538
symbol	Unwind@00425550	0x00425550
symbol	Unwind@00425558	0x00425558
symbol	Unwind@00425563	0x00425563
symbol	Unwind@00425571	0x00425571
symbol	Unwind@0042557f	0x0042557f
symbol	Unwind@0042558d	0x0042558d
symbol	Unwind@004255b0	0x004255b0
symbol	Unwind@004255b8	0x004255b8
symbol	Unwind@004255c3	0x004255c3
symbol	Unwind@004255d1	0x004255d1
symbol	Unwind@004255df	0x004255df
symbol	Unwind@004255ed	0x004255ed
symbol	Unwind@00425610	0x00425610
symbol	Unwind@00425618	0x00425618
symbol	Unwind@00425630	0x00425630
symbol	Unwind@00425638	0x00425638
symbol	Unwind@00425640	0x00425640
symbol	Unwind@00425648	0x00425648
symbol	Unwind@00425650	0x00425650
symbol	Unwind@00425670	0x00425670
symbol	Unwind@00425690	0x00425690
symbol	Unwind@004256b0	0x004256b0
symbol	Unwind@004256d0	0x004256d0
symbol	Unwind@004256f0	0x004256f0
symbol	Unwind@00425710	0x00425710
symbol	Unwind@00425718	0x00425718
symbol	Unwind@00425723	0x00425723
symbol	Unwind@00425740	0x00425740
symbol	Unwind@00425760	0x00425760
symbol	Unwind@00425780	0x00425780
symbol	Unwind@004257a0	0x004257a0
symbol	Unwind@004257c0	0x004257c0
symbol	Unwind@004257e0	0x004257e0
symbol	Unwind@004257e8	0x004257e8
symbol	Unwind@004257f0	0x004257f0
symbol	Unwind@004257f8	0x004257f8
symbol	Unwind@00425800	0x00425800
symbol	Unwind@00425830	0x00425830
symbol	Unwind@0042583b	0x0042583b
symbol	Unwind@00425860	0x00425860
symbol	Unwind@00425880	0x00425880
symbol	Unwind@0042588b	0x0042588b
symbol	Unwind@00425896	0x00425896
symbol	Unwind@004258a1	0x004258a1
symbol	Unwind@004258ac	0x004258ac
symbol	Unwind@004258c5	0x004258c5
symbol	Unwind@004258d0	0x004258d0
symbol	Unwind@004258db	0x004258db
symbol	Unwind@004258e6	0x004258e6
symbol	Unwind@00425900	0x00425900
symbol	Unwind@00425908	0x00425908
symbol	Unwind@00425921	0x00425921
symbol	Unwind@0042592f	0x0042592f
symbol	Unwind@0042593d	0x0042593d
symbol	Unwind@0042594b	0x0042594b
symbol	Unwind@00425960	0x00425960
symbol	Unwind@00425968	0x00425968
symbol	Unwind@00425981	0x00425981
symbol	Unwind@0042598f	0x0042598f
symbol	Unwind@0042599d	0x0042599d
symbol	Unwind@004259ab	0x004259ab
symbol	Unwind@004259d0	0x004259d0
symbol	Unwind@004259d8	0x004259d8
symbol	Unwind@004259e0	0x004259e0
symbol	Unwind@00425a00	0x00425a00
symbol	Unwind@00425a20	0x00425a20
symbol	Unwind@00425a40	0x00425a40
symbol	Unwind@00425a4b	0x00425a4b
symbol	Unwind@00425a53	0x00425a53
symbol	Unwind@00425a5e	0x00425a5e
symbol	Unwind@00425a69	0x00425a69
symbol	Unwind@00425a74	0x00425a74
symbol	Unwind@00425a7f	0x00425a7f
symbol	Unwind@00425a87	0x00425a87
symbol	Unwind@00425a92	0x00425a92
symbol	Unwind@00425ab0	0x00425ab0
symbol	Unwind@00425ad0	0x00425ad0
symbol	Unwind@00425ad8	0x00425ad8
symbol	Unwind@00425ae0	0x00425ae0
symbol	Unwind@00425b00	0x00425b00
symbol	Unwind@00425b0b	0x00425b0b
symbol	Unwind@00425b20	0x00425b20
symbol	Unwind@00425b28	0x00425b28
symbol	Unwind@00425b40	0x00425b40
symbol	Unwind@00425b54	0x00425b54
symbol	Unwind@00425b68	0x00425b68
symbol	Unwind@00425b70	0x00425b70
symbol	Unwind@00425b9c	0x00425b9c
symbol	Unwind@00425bbc	0x00425bbc
symbol	Unwind@00425bdc	0x00425bdc
symbol	Unwind@00425bf0	0x00425bf0
symbol	Unwind@00425bf8	0x00425bf8
symbol	Unwind@00425c00	0x00425c00
symbol	Unwind@00425c14	0x00425c14
symbol	Unwind@00425c34	0x00425c34
symbol	Unwind@00425c48	0x00425c48
symbol	Unwind@00425c5c	0x00425c5c
symbol	Unwind@00425c70	0x00425c70
symbol	Unwind@00425c84	0x00425c84
symbol	Unwind@00425c98	0x00425c98
symbol	Unwind@00425ca0	0x00425ca0
symbol	Unwind@00425cc4	0x00425cc4
symbol	Unwind@00425ccc	0x00425ccc
symbol	Unwind@00425cf0	0x00425cf0
symbol	Unwind@00425d04	0x00425d04
symbol	Unwind@00425d18	0x00425d18
symbol	Unwind@00425d2c	0x00425d2c
symbol	Unwind@00425d40	0x00425d40
symbol	Unwind@00425d54	0x00425d54
symbol	Unwind@00425d68	0x00425d68
symbol	Unwind@00425d7c	0x00425d7c
symbol	Unwind@00425d90	0x00425d90
symbol	Unwind@00425da4	0x00425da4
symbol	Unwind@00425db8	0x00425db8
symbol	Unwind@00425dcc	0x00425dcc
symbol	Unwind@00425de0	0x00425de0
symbol	Unwind@00425de8	0x00425de8
symbol	Unwind@00425dfc	0x00425dfc
symbol	Unwind@00425e05	0x00425e05
symbol	Unwind@00425e0d	0x00425e0d
symbol	Unwind@00425e24	0x00425e24
symbol	Unwind@00425e2c	0x00425e2c
symbol	Unwind@00425e44	0x00425e44
symbol	Unwind@00425e64	0x00425e64
symbol	Unwind@00425e78	0x00425e78
symbol	Unwind@00425e8c	0x00425e8c
symbol	Unwind@00425e94	0x00425e94
symbol	Unwind@00425eac	0x00425eac
symbol	Unwind@00425ec0	0x00425ec0
symbol	Unwind@00425ed7	0x00425ed7
symbol	Unwind@00425eec	0x00425eec
symbol	Unwind@00425ef4	0x00425ef4
symbol	Unwind@00425f18	0x00425f18
symbol	Unwind@00425f20	0x00425f20
symbol	Unwind@00425f44	0x00425f44
symbol	Unwind@00425f58	0x00425f58
symbol	Unwind@00425f6c	0x00425f6c
symbol	Unwind@00425f80	0x00425f80
symbol	Unwind@00425f94	0x00425f94
symbol	Unwind@00425fa8	0x00425fa8
symbol	Unwind@00425fbc	0x00425fbc
symbol	Unwind@00425fd0	0x00425fd0
symbol	Unwind@00425fe4	0x00425fe4
symbol	Unwind@00425ff8	0x00425ff8
symbol	Unwind@00426000	0x00426000
symbol	Unwind@0042600a	0x0042600a
symbol	Unwind@00426020	0x00426020
symbol	Unwind@00426034	0x00426034
symbol	Unwind@00426048	0x00426048
symbol	Unwind@00426068	0x00426068
symbol	Unwind@00426073	0x00426073
symbol	Unwind@00426094	0x00426094
symbol	Unwind@0042609f	0x0042609f
symbol	Unwind@004260b4	0x004260b4
symbol	Unwind@004260c8	0x004260c8
symbol	Unwind@004260dc	0x004260dc
symbol	Unwind@004260fc	0x004260fc
symbol	Unwind@00426110	0x00426110
symbol	Unwind@00426128	0x00426128
symbol	Unwind@00426158	0x00426158
symbol	Unwind@0042616c	0x0042616c
symbol	Unwind@00426174	0x00426174
symbol	Unwind@00426198	0x00426198
symbol	Unwind@004261a0	0x004261a0
symbol	Unwind@004261b4	0x004261b4
symbol	Unwind@004261bc	0x004261bc
symbol	Unwind@004261c4	0x004261c4
symbol	Unwind@004261cc	0x004261cc
symbol	Unwind@004261ec	0x004261ec
symbol	Unwind@00426200	0x00426200
symbol	Unwind@00426214	0x00426214
symbol	Unwind@00426228	0x00426228
symbol	Unwind@00426230	0x00426230
symbol	Unwind@0042623b	0x0042623b
symbol	Unwind@00426254	0x00426254
symbol	Unwind@00426268	0x00426268
symbol	Unwind@0042627c	0x0042627c
symbol	Unwind@00426290	0x00426290
symbol	Unwind@004262d4	0x004262d4
symbol	Unwind@004262e8	0x004262e8
symbol	Unwind@00426314	0x00426314
symbol	Unwind@00426328	0x00426328
symbol	Unwind@0042633c	0x0042633c
symbol	Unwind@00426354	0x00426354
symbol	Unwind@00426368	0x00426368
symbol	Unwind@00426370	0x00426370
symbol	Unwind@00426388	0x00426388
symbol	Unwind@00426392	0x00426392
symbol	Unwind@004263a8	0x004263a8
symbol	Unwind@004263b0	0x004263b0
symbol	Unwind@004263c8	0x004263c8
symbol	Unwind@004263d0	0x004263d0
symbol	Unwind@004263f0	0x004263f0
symbol	Unwind@004263f8	0x004263f8
symbol	Unwind@00426403	0x00426403
symbol	Unwind@0042640b	0x0042640b
symbol	Unwind@00426416	0x00426416
symbol	Unwind@0042641e	0x0042641e
symbol	Unwind@00426429	0x00426429
symbol	Unwind@00426434	0x00426434
symbol	Unwind@0042643f	0x0042643f
symbol	Unwind@0042644a	0x0042644a
symbol	Unwind@00426455	0x00426455
symbol	Unwind@0042645d	0x0042645d
symbol	Unwind@00426468	0x00426468
symbol	Unwind@00426473	0x00426473
symbol	Unwind@0042647e	0x0042647e
symbol	Unwind@00426486	0x00426486
symbol	Unwind@00426491	0x00426491
symbol	Unwind@00426499	0x00426499
symbol	Unwind@004264b0	0x004264b0
symbol	Unwind@004264b8	0x004264b8
symbol	Unwind@004264cc	0x004264cc
symbol	Unwind@004264d4	0x004264d4
symbol	Unwind@004264df	0x004264df
symbol	Unwind@00426500	0x00426500
symbol	Unwind@00426514	0x00426514
symbol	Unwind@00426534	0x00426534
symbol	Unwind@0042653c	0x0042653c
symbol	Unwind@00426550	0x00426550
symbol	Unwind@00426559	0x00426559
symbol	Unwind@00426561	0x00426561
symbol	Unwind@00426578	0x00426578
symbol	Unwind@00426598	0x00426598
symbol	Unwind@004265a0	0x004265a0
symbol	Unwind@004265ab	0x004265ab
symbol	Unwind@004265c0	0x004265c0
symbol	Unwind@004265c8	0x004265c8
symbol	Unwind@004265d3	0x004265d3
symbol	Unwind@004265de	0x004265de
symbol	Unwind@004265f4	0x004265f4
symbol	Unwind@00426608	0x00426608
symbol	Unwind@0042661c	0x0042661c
symbol	Unwind@00426654	0x00426654
symbol	Unwind@0042668c	0x0042668c
symbol	Unwind@004266a0	0x004266a0
symbol	Unwind@004266b4	0x004266b4
symbol	Unwind@004266cc	0x004266cc
symbol	Unwind@004266e4	0x004266e4
symbol	vftable	0x00429f24
symbol	RTTI_Type_Descriptor	0x004310d0
symbol	RTTI_Type_Descriptor	0x004310f0
symbol	RTTI_Type_Descriptor	0x004316a0
symbol	RTTI_Type_Descriptor	0x004316b8
symbol	RTTI_Type_Descriptor	0x004316d8
symbol	RTTI_Type_Descriptor	0x004316f0
symbol	RTTI_Type_Descriptor	0x00431708
symbol	RTTI_Type_Descriptor	0x00431720
symbol	RTTI_Type_Descriptor	0x00431740
symbol	RTTI_Type_Descriptor	0x00431760
symbol	RTTI_Type_Descriptor	0x00431778
symbol	RTTI_Type_Descriptor	0x00431798
symbol	RTTI_Type_Descriptor	0x004317e0
symbol	RTTI_Type_Descriptor	0x004317f8
symbol	RTTI_Type_Descriptor	0x00431810
symbol	RTTI_Type_Descriptor	0x00431828
symbol	RTTI_Type_Descriptor	0x00431840
symbol	RTTI_Type_Descriptor	0x00431858
symbol	RTTI_Type_Descriptor	0x00431878
symbol	RTTI_Type_Descriptor	0x00431890
symbol	RTTI_Type_Descriptor	0x004318a8
symbol	RTTI_Type_Descriptor	0x004318c8
symbol	RTTI_Type_Descriptor	0x004318d8
symbol	RTTI_Type_Descriptor	0x004318f0
symbol	RTTI_Type_Descriptor	0x00431910
symbol	RTTI_Type_Descriptor	0x00431938
symbol	RTTI_Type_Descriptor	0x00431958
symbol	RTTI_Type_Descriptor	0x00431978
symbol	RTTI_Type_Descriptor	0x004319a0
symbol	RTTI_Type_Descriptor	0x004319c0
symbol	RTTI_Type_Descriptor	0x004319e0
symbol	RTTI_Type_Descriptor	0x00431a08
symbol	RTTI_Type_Descriptor	0x00431a28
symbol	RTTI_Type_Descriptor	0x00431a50
symbol	RTTI_Type_Descriptor	0x00431a70
symbol	RTTI_Type_Descriptor	0x00431a88
symbol	RTTI_Type_Descriptor	0x00431aa8
symbol	RTTI_Type_Descriptor	0x00431ac8
symbol	RTTI_Type_Descriptor	0x00431af0
symbol	RTTI_Type_Descriptor	0x00431b30
symbol	RTTI_Type_Descriptor	0x00431b50
symbol	RTTI_Type_Descriptor	0x00431b70
symbol	RTTI_Type_Descriptor	0x00431b90
symbol	RTTI_Type_Descriptor	0x00431ba8
symbol	RTTI_Type_Descriptor	0x00431bc8
symbol	RTTI_Type_Descriptor	0x00431be8
symbol	RTTI_Type_Descriptor	0x00431c00
symbol	RTTI_Type_Descriptor	0x00431c18
symbol	RTTI_Type_Descriptor	0x00431c38
symbol	RTTI_Type_Descriptor	0x00431c58
symbol	RTTI_Type_Descriptor	0x00431c78
symbol	RTTI_Type_Descriptor	0x00431c90
symbol	RTTI_Type_Descriptor	0x00431cb8
symbol	RTTI_Type_Descriptor	0x00431cd8
symbol	RTTI_Type_Descriptor	0x00431d00
symbol	RTTI_Type_Descriptor	0x00431d20
symbol	RTTI_Type_Descriptor	0x00431d50
symbol	RTTI_Type_Descriptor	0x00431d78
symbol	RTTI_Type_Descriptor	0x00431d90
symbol	RTTI_Type_Descriptor	0x00431db0
symbol	RTTI_Type_Descriptor	0x00431dd0
symbol	RTTI_Type_Descriptor	0x00431e08
symbol	RTTI_Type_Descriptor	0x00431e20
symbol	RTTI_Type_Descriptor	0x00431e40
symbol	RTTI_Type_Descriptor	0x00431e60
symbol	RTTI_Type_Descriptor	0x00431e90
symbol	RTTI_Type_Descriptor	0x00431eb0
symbol	RTTI_Type_Descriptor	0x00431ee0
symbol	RTTI_Type_Descriptor	0x00431f00
symbol	RTTI_Type_Descriptor	0x00431f30
symbol	RTTI_Type_Descriptor	0x00431f50
symbol	RTTI_Type_Descriptor	0x00431f80
symbol	RTTI_Type_Descriptor	0x00431fa0
symbol	RTTI_Type_Descriptor	0x00431fd0
symbol	RTTI_Type_Descriptor	0x00431ff0
symbol	RTTI_Type_Descriptor	0x00432020
symbol	RTTI_Type_Descriptor	0x00432040
symbol	RTTI_Type_Descriptor	0x00432070
symbol	RTTI_Type_Descriptor	0x00432088
symbol	RTTI_Type_Descriptor	0x004320b8
symbol	RTTI_Type_Descriptor	0x004320d8
symbol	RTTI_Type_Descriptor	0x00432100
symbol	RTTI_Type_Descriptor	0x00432138
symbol	RTTI_Type_Descriptor	0x00432190
symbol	RTTI_Type_Descriptor	0x004321a8
symbol	RTTI_Type_Descriptor	0x004321c8
symbol	RTTI_Type_Descriptor	0x004321e8
symbol	RTTI_Type_Descriptor	0x00432210
symbol	RTTI_Type_Descriptor	0x00432268
symbol	RTTI_Type_Descriptor	0x00432280
symbol	RTTI_Type_Descriptor	0x004322a8
symbol	RTTI_Type_Descriptor	0x004322c8
symbol	RTTI_Type_Descriptor	0x004322e0
symbol	RTTI_Type_Descriptor	0x00432300
symbol	RTTI_Type_Descriptor	0x00432320
symbol	RTTI_Type_Descriptor	0x00432340
symbol	RTTI_Type_Descriptor	0x00432360
symbol	RTTI_Type_Descriptor	0x00432390
symbol	RTTI_Type_Descriptor	0x004323b0
symbol	RTTI_Type_Descriptor	0x004323d0
symbol	RTTI_Type_Descriptor	0x004323f0
symbol	RTTI_Type_Descriptor	0x00432420
symbol	Rsrc_Icon_1_411	0x0043a7a0
symbol	Rsrc_GroupIcon_80_411	0x0043b048
symbol	Rsrc_Bitmap_TITLE_BG_411	0x0043b060
symbol	Rsrc_Bitmap_BITBTN_UP_411	0x00467b18
symbol	Rsrc_Bitmap_BITBTN_DN_411	0x00468690
symbol	Rsrc_Bitmap_BITBTN_MO_411	0x00469210
symbol	Rsrc_Bitmap_BITBTN_DS_411	0x00469d98
symbol	Rsrc_Dialog_64_411	0x0046a910
symbol	Rsrc_Dialog_66_411	0x0046aa70
symbol	Rsrc_Dialog_81_411	0x0046ab78
symbol	Rsrc_Dialog_82_411	0x0046ae50
symbol	Rsrc_Dialog_83_411	0x0046afb0
symbol	Rsrc_Version_1_411	0x0046b0b8
symbol	Rsrc_Cursor_2_411	0x0046b448
symbol	Rsrc_Cursor_3_411	0x0046b580
symbol	Rsrc_GroupCursor_7901_411	0x0046b638
symbol	Rsrc_Bitmap_67c7_411	0x0046b660
symbol	Rsrc_Dialog_7801_411	0x0046bc48
symbol	Rsrc_Bitmap_7912_411	0x0046bd38
symbol	Rsrc_Bitmap_7913_411	0x0046bdf0
symbol	Rsrc_Bitmap_7914_411	0x0046bf60
symbol	Rsrc_StringTable_7_411	0x0046c0a8
symbol	Rsrc_StringTable_8_411	0x0046c278
symbol	Rsrc_StringTable_f01_411	0x0046c440
symbol	Rsrc_StringTable_f02_411	0x0046c4a8
symbol	Rsrc_StringTable_f03_411	0x0046c4d8
symbol	Rsrc_StringTable_f11_411	0x0046c5a0
symbol	Rsrc_StringTable_f19_411	0x0046c910
symbol	Rsrc_StringTable_f13_411	0x0046c990
symbol	Rsrc_StringTable_f12_411	0x0046cb28
symbol	Rsrc_StringTable_f1b_411	0x0046cca0
symbol	Rsrc_StringTable_f1c_411	0x0046cf88
symbol	Rsrc_StringTable_f1a_411	0x0046d0f0
symbol	Rsrc_StringTable_f1d_411	0x0046d180
symbol	ExceptionList	0xffdff000
symbol	StackBase	0xffdff004
symbol	StackLimit	0xffdff008
symbol	SubSystemTib	0xffdff00c
symbol	FiberData	0xffdff010
symbol	ArbitraryUserPointer	0xffdff014
symbol	Self	0xffdff018
symbol	EnvironmentPointer	0xffdff01c
symbol	ClientId	0xffdff020
symbol	ActiveRpcHandle	0xffdff028
symbol	ThreadLocalStoragePointer	0xffdff02c
symbol	ProcessEnvironmentBlock	0xffdff030
symbol	LastErrorValue	0xffdff034
symbol	CountOfOwnedCriticalSections	0xffdff038
symbol	CsrClientThread	0xffdff03c
symbol	Win32ThreadInfo	0xffdff040
symbol	User32Reserved	0xffdff044
symbol	UserReserved	0xffdff0ac
symbol	WOW32Reserved	0xffdff0c0
symbol	CurrentLocale	0xffdff0c4
symbol	FpSoftwareStatusRegister	0xffdff0c8
symbol	SystemReserved1	0xffdff0cc
symbol	ExceptionCode	0xffdff1a4
symbol	ActivationContextStackPointer	0xffdff1a8
symbol	SpareBytes	0xffdff1ac
symbol	TxFsContext	0xffdff1d0
symbol	GdiTebBatch	0xffdff1d4
symbol	RealClientId	0xffdff6b4
symbol	GdiCachedProcessHandle	0xffdff6bc
symbol	GdiClientPID	0xffdff6c0
symbol	GdiCLientTID	0xffdff6c4
symbol	GdiThreadLocalInfo	0xffdff6c8
symbol	Win32ClientInfo	0xffdff6cc
symbol	glDispatchTable	0xffdff7c4
symbol	glReserved1	0xffdffb68
symbol	glReserved2	0xffdffbdc
symbol	glSectionInfo	0xffdffbe0
symbol	glSection	0xffdffbe4
symbol	glTable	0xffdffbe8
symbol	glCurrentRC	0xffdffbec
symbol	glContext	0xffdffbf0
symbol	LastStatusValue	0xffdffbf4
symbol	StaticUnicodeBuffer	0xffdffc00
symbol	DeallocationStack	0xffdffe0c
symbol	TlsSlots	0xffdffe10
symbol	TlsLinks.Flink	0xffdfff10
symbol	TlsLinks.Blink	0xffdfff14
symbol	Vdm	0xffdfff18
symbol	ReservedForNtRpc	0xffdfff1c
symbol	DbgSsReserved	0xffdfff20
symbol	HardErrorMode	0xffdfff28
symbol	Instrumentation	0xffdfff2c
symbol	ActivityId	0xffdfff50
symbol	SubProcessTag	0xffdfff60
symbol	EtwLocalData	0xffdfff64
symbol	EtwTraceData	0xffdfff68
symbol	WinSockData	0xffdfff6c
symbol	GdiBatchCount	0xffdfff70
symbol	IdealProcessorValue	0xffdfff74
symbol	GuaranteedStackBytes	0xffdfff78
symbol	ReservedForPerf	0xffdfff7c
symbol	ReservedForOle	0xffdfff80
symbol	WaitingOnLoaderLock	0xffdfff84
symbol	SavedPriorityState	0xffdfff88
symbol	SoftPatchPtr1	0xffdfff8c
symbol	ThreadPoolData	0xffdfff90
symbol	TlsExpansionSlots	0xffdfff94
symbol	MuiGeneration	0xffdfff98
symbol	IsImpersonating	0xffdfff9c
symbol	NlsCache	0xffdfffa0
symbol	pShimData	0xffdfffa4
symbol	HeapVirtualAffinity	0xffdfffa8
symbol	CurrentTransactionHandle	0xffdfffac
symbol	ActiveFrame	0xffdfffb0
symbol	FlsData	0xffdfffb4
symbol	PreferredLanguages	0xffdfffb8
symbol	UserPrefLanguages	0xffdfffbc
symbol	MergedPrefLanguages	0xffdfffc0
symbol	MuiImpersonation	0xffdfffc4
symbol	CrossTebFlags	0xffdfffc8
symbol	SameTebFlags	0xffdfffca
symbol	TxnScopeEnterCallback	0xffdfffcc
symbol	TxnScopeExitCallback	0xffdfffd0
symbol	TxnScopeContext	0xffdfffd4
symbol	LockCount	0xffdfffd8
symbol	ResourceRetValue	0xffdfffe0
