https://cdn.gamemeca.com/gmdata/0000/045/496/uu1.jpg	gamemeca.com
https://cdn.gamemeca.com/gmdata/0000/045/496/uu2.jpg	gamemeca.com
https://cdn.gamemeca.com/gmdata/0000/045/496/uu3.jpg	gamemeca.com
https://cdn.gamemeca.com/gmdata/0000/121/090/en001.jpg	gamemeca.com
https://cdn.gamemeca.com/gmdata/0000/121/090/en004.jpg	gamemeca.com
https://cdn.gamemeca.com/gmdata/0000/121/090/en005.jpg	gamemeca.com
https://cdn.gamemeca.com/gmdata/0000/121/090/en008.jpg	gamemeca.com
https://cdn.gamemeca.com/gmdata/0000/121/090/en010.jpg	gamemeca.com
https://cdn.gamemeca.com/gmdata/0000/121/090/en011.jpg	gamemeca.com
https://cdn.gamemeca.com/gmdata/0000/120/882/uu1.jpg	gamemeca.com
https://cdn.gamemeca.com/gmdata/0000/120/882/uu2.jpg	gamemeca.com
https://cdn.gamemeca.com/gmdata/0000/120/882/saaaap_1.jpg	gamemeca.com
https://cdn.gamemeca.com/gmdata/0000/120/882/saaaap_2.jpg	gamemeca.com
https://cdn.gamemeca.com/gmdata/0000/120/882/_1.JPG	gamemeca.com
https://cdn.gamemeca.com/gmdata/0000/015/702/1.jpg	gamemeca.com
https://cdn.gamemeca.com/gmdata/0000/015/644/galaxy_00.jpg	gamemeca.com
https://cdn.gamemeca.com/gmdata/0000/015/587/uu1.jpg	gamemeca.com
https://cdn.gamemeca.com/gmdata/0000/120/882/5600580.gif	gamemeca.com
https://cdn.gamemeca.com/gmdata/0000/120/882/656564.gif	gamemeca.com
https://cdn.gamemeca.com/gmdata/0000/120/882/feelsi_9.gif	gamemeca.com
https://cdn.gamemeca.com/gmdata/0000/124/153/japan-online-img-8.jpg	gamemeca.com
https://cdn.gamemeca.com/gmdata/0000/124/153/japan-online-img-9.jpg	gamemeca.com
https://game.watch.impress.co.jp/docs/20030924/gin02.jpg	game.watch.impress.co.jp
https://game.watch.impress.co.jp/docs/20030924/gin03.jpg	game.watch.impress.co.jp
https://game.watch.impress.co.jp/docs/20030924/gin07.jpg	game.watch.impress.co.jp
https://game.watch.impress.co.jp/docs/20030924/gin08.jpg	game.watch.impress.co.jp
https://game.watch.impress.co.jp/docs/20030924/gin09.jpg	game.watch.impress.co.jp
https://game.watch.impress.co.jp/docs/20030924/gin10.jpg	game.watch.impress.co.jp
https://game.watch.impress.co.jp/docs/20030924/gin11.jpg	game.watch.impress.co.jp
https://game.watch.impress.co.jp/docs/20030924/gin12.jpg	game.watch.impress.co.jp
https://game.watch.impress.co.jp/docs/20040123/ginei01.jpg	game.watch.impress.co.jp
https://game.watch.impress.co.jp/docs/20040123/ginei02.jpg	game.watch.impress.co.jp
https://game.watch.impress.co.jp/docs/20040123/ginei03.jpg	game.watch.impress.co.jp
https://game.watch.impress.co.jp/docs/20040123/ginei04.jpg	game.watch.impress.co.jp
https://game.watch.impress.co.jp/docs/20040123/ginei05.jpg	game.watch.impress.co.jp
https://game.watch.impress.co.jp/docs/20040123/ginei06.jpg	game.watch.impress.co.jp
https://game.watch.impress.co.jp/docs/20040123/ginei07.jpg	game.watch.impress.co.jp
https://game.watch.impress.co.jp/docs/20040123/ginei08.jpg	game.watch.impress.co.jp
https://game.watch.impress.co.jp/docs/20040412/ginei01.jpg	game.watch.impress.co.jp
https://game.watch.impress.co.jp/docs/20040412/ginei02.jpg	game.watch.impress.co.jp
https://game.watch.impress.co.jp/docs/20040412/ginei03.jpg	game.watch.impress.co.jp
https://game.watch.impress.co.jp/docs/20040412/ginei04.jpg	game.watch.impress.co.jp
https://game.watch.impress.co.jp/docs/20040412/ginei05.jpg	game.watch.impress.co.jp
https://game.watch.impress.co.jp/docs/20040412/ginei06.jpg	game.watch.impress.co.jp
https://www.4gamer.net/news/image/2003.09/20030924222608_1.jpg	4gamer.net
https://www.4gamer.net/news/image/2003.09/20030924222608_2.jpg	4gamer.net
https://www.4gamer.net/news/image/2003.09/20030924222608_3.jpg	4gamer.net
https://www.4gamer.net/news/image/2003.09/20030924222608_4.jpg	4gamer.net
https://www.4gamer.net/news/image/2003.09/20030924222608_5.jpg	4gamer.net
https://www.4gamer.net/news/image/2003.09/20030924222608_6.jpg	4gamer.net
https://www.4gamer.net/news/image/2003.09/20030924222608_7.jpg	4gamer.net
https://www.4gamer.net/news/image/2003.09/20030924222608_8.jpg	4gamer.net
https://www.4gamer.net/news/image/2003.09/20030924222608_9.jpg	4gamer.net
https://www.4gamer.net/news/image/2004.01/20040123223724_1.jpg	4gamer.net
https://www.4gamer.net/news/image/2004.01/20040123223724_2.jpg	4gamer.net
https://www.4gamer.net/news/image/2004.01/20040123223724_3.jpg	4gamer.net
https://www.4gamer.net/news/image/2004.01/20040123223724_4.jpg	4gamer.net
https://www.4gamer.net/news/image/2004.01/20040123223724_5.jpg	4gamer.net
https://www.4gamer.net/news/image/2004.01/20040123223724_6.jpg	4gamer.net
https://www.4gamer.net/news/image/2004.01/20040123223724_7.jpg	4gamer.net
https://www.4gamer.net/news/image/2004.01/20040123223724_8.jpg	4gamer.net
https://www.4gamer.net/news/image/2004.01/20040123223724_9.jpg	4gamer.net
https://www.4gamer.net/news/image/2003.09/20030927063935_1.jpg	4gamer.net
https://www.4gamer.net/news/image/2003.09/20030927063935_4.jpg	4gamer.net
https://www.4gamer.net/news/image/2003.09/20030927063935_5.jpg	4gamer.net
https://www.4gamer.net/news/image/2003.09/20030927063935_6.jpg	4gamer.net
https://www.4gamer.net/news/image/2003.09/20030927063935_7.jpg	4gamer.net
https://www.4gamer.net/news/image/2003.09/20030927063935_8.jpg	4gamer.net
https://www.4gamer.net/news/image/2003.09/20030927063935_9.jpg	4gamer.net
https://www.4gamer.net/news/image/2004.02/20040213224015.jpg	4gamer.net
https://www.4gamer.net/news/image/2004.02/20040227203229.jpg	4gamer.net
https://www.4gamer.net/news/image/2004.02/20040218211020.jpg	4gamer.net
https://dengekionline.com/data/news/2003/9/24/image/6712_20030924_05_gineiden03.jpg	dengekionline.com
https://dengekionline.com/data/news/2003/9/24/image/6712_20030924_05_gineiden04.jpg	dengekionline.com
https://dengekionline.com/data/news/2004/2/16/image/7589_20040216_04_gineiden.jpg	dengekionline.com
https://image.itmedia.co.jp/broadband/0309/25/gi01.jpg	image.itmedia.co.jp
https://image.itmedia.co.jp/broadband/0309/25/gi02.jpg	image.itmedia.co.jp
https://image.itmedia.co.jp/broadband/0309/25/gi03.jpg	image.itmedia.co.jp
https://image.itmedia.co.jp/broadband/0309/25/gi05.jpg	image.itmedia.co.jp
https://image.itmedia.co.jp/broadband/0309/25/gi08.jpg	image.itmedia.co.jp
https://cdn.gamemeca.com/gmdata/0000/124/122/gidae-award-image-25.gif	gamemeca.com
https://cdn.gamemeca.com/gmdata/0000/124/122/gidae-award-image-26.gif	gamemeca.com
https://game.watch.impress.co.jp/docs/20040216/ginei01.jpg	game.watch.impress.co.jp
https://game.watch.impress.co.jp/docs/20040216/ginei02.jpg	game.watch.impress.co.jp
https://game.watch.impress.co.jp/docs/20040216/ginei03.jpg	game.watch.impress.co.jp
https://game.watch.impress.co.jp/docs/20040216/ginei04.jpg	game.watch.impress.co.jp
https://game.watch.impress.co.jp/docs/20030924/gin02.gif	game.watch.impress.co.jp
https://game.watch.impress.co.jp/docs/20030924/gin03.gif	game.watch.impress.co.jp
https://game.watch.impress.co.jp/docs/20030924/gin07.gif	game.watch.impress.co.jp
https://game.watch.impress.co.jp/docs/20030924/gin08.gif	game.watch.impress.co.jp
https://game.watch.impress.co.jp/docs/20030924/gin09.gif	game.watch.impress.co.jp
https://game.watch.impress.co.jp/docs/20030924/gin10.gif	game.watch.impress.co.jp
https://game.watch.impress.co.jp/docs/20030924/gin11.gif	game.watch.impress.co.jp
https://game.watch.impress.co.jp/docs/20030924/gin12.gif	game.watch.impress.co.jp
https://www.4gamer.net/news/image/2004.04/20040427162045_1.jpg	4gamer.net
https://www.4gamer.net/news/image/2004.04/20040427162045_2.jpg	4gamer.net
https://www.4gamer.net/news/image/2004.04/20040427162045_3.jpg	4gamer.net
https://www.4gamer.net/news/image/2004.04/20040427162045_4.jpg	4gamer.net
https://www.4gamer.net/news/image/2004.04/20040427162045_5.jpg	4gamer.net
https://www.4gamer.net/news/image/2004.04/20040427162045_6.jpg	4gamer.net
http://toshichan.my.coocan.jp/fcgamem2/gin7/image/strategy.jpg	toshichan.my.coocan.jp
http://toshichan.my.coocan.jp/fcgamem2/gin7/image/tactics.jpg	toshichan.my.coocan.jp
http://toshichan.my.coocan.jp/fcgamem2/gin7/image/tactics2.jpg	toshichan.my.coocan.jp
http://toshichan.my.coocan.jp/fcgamem2/gin7/image/card.jpg	toshichan.my.coocan.jp
http://toshichan.my.coocan.jp/fcgamem2/gin7/image/lobby.jpg	toshichan.my.coocan.jp
http://toshichan.my.coocan.jp/fcgamem2/gin7/image/personal.jpg	toshichan.my.coocan.jp
http://toshichan.my.coocan.jp/fcgamem2/gin7/image/captain.jpg	toshichan.my.coocan.jp
http://toshichan.my.coocan.jp/fcgamem2/gin7/image/warp.jpg	toshichan.my.coocan.jp
http://toshichan.my.coocan.jp/fcgamem2/gin7/image/status.jpg	toshichan.my.coocan.jp
http://toshichan.my.coocan.jp/fcgamem2/gin7/image/chat.jpg	toshichan.my.coocan.jp
http://toshichan.my.coocan.jp/fcgamem2/gin7/image/map.jpg	toshichan.my.coocan.jp
http://toshichan.my.coocan.jp/fcgamem2/gin7/image/search.jpg	toshichan.my.coocan.jp
http://toshichan.my.coocan.jp/fcgamem2/gin7/image/panel.jpg	toshichan.my.coocan.jp
http://toshichan.my.coocan.jp/fcgamem2/gin7/image/rader.jpg	toshichan.my.coocan.jp
http://toshichan.my.coocan.jp/fcgamem2/gin7/image/compnel1.jpg	toshichan.my.coocan.jp
http://toshichan.my.coocan.jp/fcgamem2/gin7/image/compnel2.jpg	toshichan.my.coocan.jp
http://toshichan.my.coocan.jp/fcgamem2/gin7/image/compnel3.jpg	toshichan.my.coocan.jp
http://toshichan.my.coocan.jp/fcgamem2/gin7/image/return.jpg	toshichan.my.coocan.jp
http://toshichan.my.coocan.jp/fcgamem2/gin7/image/stay.jpg	toshichan.my.coocan.jp
https://cdn.gamemeca.com/gmdata/0000/121/090/en10101010.gif	gamemeca.com
https://cdn.gamemeca.com/gmdata/0000/121/090/en10101010101010101010.gif	gamemeca.com
https://www.4gamer.net/news/image/2003.09/20030929024654.jpg	4gamer.net
